pattern,id,x,y
positive,1,1.36,0.58
positive,2,7.79,5.73
positive,3,8.51,8.08
positive,4,5.39,5.85
positive,5,5.6,5.85
positive,6,4.38,5.73
positive,7,8.99,8.38
positive,8,5.53,4.72
positive,9,7.37,8.25
positive,10,2.29,2.11
positive,11,5.32,4.2
positive,12,2.06,3.07
positive,13,6.3,6.21
positive,14,3.13,5.55
positive,15,7.84,6.63
positive,16,1.5,1.26
positive,17,4.08,3.94
positive,18,2.55,3.95
positive,19,7.9,7.86
positive,20,7.6,6.66
positive,21,5.66,5.25
positive,22,8.81,9.89
positive,23,4.72,4.01
positive,24,7.94,7.46
positive,25,2.39,2.19
positive,26,3.35,3.79
positive,27,6.69,6.71
positive,28,1.34,1.2
positive,29,2.48,2.08
positive,30,6.33,5.67
positive,31,4.0,3.98
positive,32,8.52,8.79
positive,33,9.21,9.71
positive,34,5.88,3.34
positive,35,3.88,5.46
positive,36,1.7,2.66
positive,37,4.31,2.86
positive,38,9.1,9.9
positive,39,1.19,1.34
positive,40,6.26,6.01
positive,41,2.85,3.44
positive,42,8.18,7.33
positive,43,4.41,4.87
positive,44,2.9,4.16
positive,45,4.66,5.33
positive,46,7.25,7.49
positive,47,7.55,6.07
positive,48,2.5,1.99
positive,49,5.76,6.42
positive,50,1.74,3.31
positive,51,6.75,7.12
positive,52,9.29,7.43
positive,53,3.55,2.96
positive,54,5.42,6.75
positive,55,7.27,7.84
positive,56,1.75,2.18
positive,57,2.91,0.97
positive,58,2.46,2.64
positive,59,8.59,8.94
positive,60,5.38,6.12
positive,61,1.63,3.01
positive,62,2.78,4.12
positive,63,6.24,4.86
positive,64,5.28,2.67
positive,65,0.8,2.1
positive,66,4.65,5.99
positive,67,3.12,4.31
positive,68,8.66,7.43
positive,69,6.32,5.84
positive,70,3.95,3.31
positive,71,8.58,7.45
positive,72,3.77,3.0
positive,73,1.92,0.1
positive,74,5.46,5.29
positive,75,2.27,1.72
positive,76,0.56,1.33
positive,77,7.12,6.18
positive,78,6.42,6.66
positive,79,1.23,2.68
positive,80,4.66,3.66
positive,81,2.39,0.99
positive,82,2.59,2.81
positive,83,6.24,5.65
positive,84,3.22,4.51
positive,85,3.14,3.97
positive,86,7.05,7.08
positive,87,4.77,4.83
positive,88,3.32,4.94
positive,89,3.46,4.41
positive,90,5.35,6.27
positive,91,3.61,4.29
positive,92,6.09,6.73
positive,93,7.26,7.81
positive,94,7.76,9.69
positive,95,5.28,5.71
positive,96,4.85,4.82
positive,97,2.87,3.71
positive,98,1.7,2.25
positive,99,3.77,2.3
positive,100,8.65,8.78
negative,1,1.62,8.7
negative,2,0.56,8.13
negative,3,6.56,4.18
negative,4,6.93,2.19
negative,5,7.47,3.33
negative,6,5.08,6.75
negative,7,6.62,4.67
negative,8,4.07,5.54
negative,9,4.58,5.44
negative,10,6.79,3.68
negative,11,4.54,4.76
negative,12,1.18,7.4
negative,13,2.91,7.05
negative,14,6.15,3.49
negative,15,5.32,4.14
negative,16,7.63,3.31
negative,17,5.98,2.48
negative,18,7.62,2.9
negative,19,7.74,2.38
negative,20,7.92,3.38
negative,21,5.01,4.97
negative,22,2.75,7.51
negative,23,5.22,6.21
negative,24,4.36,4.88
negative,25,7.28,3.62
negative,26,2.93,8.53
negative,27,1.46,8.56
negative,28,8.55,2.42
negative,29,2.96,9.14
negative,30,8.09,3.41
negative,31,2.75,9.26
negative,32,1.25,6.75
negative,33,3.83,6.51
negative,34,7.56,3.53
negative,35,7.77,1.01
negative,36,4.4,4.76
negative,37,6.09,4.03
negative,38,7.44,3.07
negative,39,7.37,2.11
negative,40,4.64,6.33
negative,41,8.64,1.5
negative,42,2.38,7.61
negative,43,1.11,8.7
negative,44,7.55,1.61
negative,45,1.27,8.76
negative,46,7.89,2.41
negative,47,6.17,4.34
negative,48,2.58,8.68
negative,49,7.96,3.59
negative,50,7.43,2.4
negative,51,4.26,4.7
negative,52,2.9,6.72
negative,53,7.88,3.61
negative,54,1.79,6.86
negative,55,3.75,6.51
negative,56,6.76,4.5
negative,57,9.47,1.68
negative,58,8.71,2.41
negative,59,2.66,5.38
negative,60,1.92,8.51
negative,61,3.89,7.28
negative,62,7.05,2.53
negative,63,5.39,3.98
negative,64,6.18,3.35
negative,65,3.75,5.83
negative,66,2.22,7.92
negative,67,5.2,4.99
negative,68,5.95,3.71
negative,69,4.69,5.42
negative,70,7.12,1.8
negative,71,9.21,0.1
negative,72,3.38,6.65
negative,73,6.04,4.11
negative,74,2.5,7.86
negative,75,7.62,2.85
negative,76,4.64,5.22
negative,77,5.13,6.47
negative,78,1.97,8.18
negative,79,8.72,1.01
negative,80,5.61,4.11
negative,81,6.64,2.23
negative,82,7.58,3.22
negative,83,4.65,3.78
negative,84,4.64,5.14
negative,85,5.2,4.08
negative,86,9.17,3.5
negative,87,2.31,6.76
negative,88,3.04,6.86
negative,89,4.34,6.14
negative,90,6.36,3.65
negative,91,4.27,5.46
negative,92,7.56,4.28
negative,93,1.88,9.9
negative,94,5.45,5.91
negative,95,5.83,3.55
negative,96,7.73,2.56
negative,97,7.22,3.43
negative,98,1.86,8.47
negative,99,9.13,0.44
negative,100,8.23,1.91
no_relation,1,3.44,6.88
no_relation,2,4.93,2.17
no_relation,3,2.67,4.0
no_relation,4,1.21,7.04
no_relation,5,0.89,4.23
no_relation,6,2.01,2.33
no_relation,7,0.91,9.2
no_relation,8,5.83,6.21
no_relation,9,8.84,7.84
no_relation,10,2.18,1.57
no_relation,11,3.54,7.02
no_relation,12,5.52,9.31
no_relation,13,8.21,8.33
no_relation,14,5.97,4.64
no_relation,15,4.79,0.6
no_relation,16,7.1,8.09
no_relation,17,3.99,9.48
no_relation,18,0.76,8.19
no_relation,19,7.19,8.01
no_relation,20,7.29,3.84
no_relation,21,4.16,5.37
no_relation,22,9.45,1.84
no_relation,23,3.09,8.06
no_relation,24,1.62,1.97
no_relation,25,6.56,2.52
no_relation,26,3.77,7.5
no_relation,27,8.21,4.08
no_relation,28,8.32,7.28
no_relation,29,1.68,6.52
no_relation,30,1.16,2.73
no_relation,31,7.75,3.2
no_relation,32,1.49,5.8
no_relation,33,5.92,4.97
no_relation,34,6.49,4.29
no_relation,35,2.44,9.41
no_relation,36,1.04,2.45
no_relation,37,3.33,6.07
no_relation,38,8.32,6.15
no_relation,39,0.57,2.59
no_relation,40,5.31,4.94
no_relation,41,7.29,5.15
no_relation,42,9.49,6.2
no_relation,43,3.81,5.53
no_relation,44,0.84,6.33
no_relation,45,3.37,4.04
no_relation,46,1.23,3.33
no_relation,47,7.87,6.88
no_relation,48,2.88,8.44
no_relation,49,1.68,6.52
no_relation,50,5.97,1.39
no_relation,51,5.79,6.51
no_relation,52,3.82,8.98
no_relation,53,0.66,6.22
no_relation,54,6.63,3.87
no_relation,55,1.05,8.41
no_relation,56,8.54,8.1
no_relation,57,8.6,5.9
no_relation,58,8.24,9.19
no_relation,59,2.52,6.43
no_relation,60,8.8,2.99
no_relation,61,3.25,0.56
no_relation,62,3.84,4.29
no_relation,63,6.01,0.63
no_relation,64,0.87,8.66
no_relation,65,8.08,0.99
no_relation,66,2.2,2.2
no_relation,67,2.67,4.76
no_relation,68,5.71,5.04
no_relation,69,0.62,8.16
no_relation,70,1.38,1.53
no_relation,71,6.83,7.73
no_relation,72,8.31,7.47
no_relation,73,7.74,5.96
no_relation,74,8.57,7.39
no_relation,75,5.02,0.84
no_relation,76,1.56,5.64
no_relation,77,8.36,1.14
no_relation,78,1.07,9.36
no_relation,79,1.38,4.34
no_relation,80,7.52,1.22
no_relation,81,1.47,8.01
no_relation,82,7.94,4.35
no_relation,83,7.65,7.4
no_relation,84,7.47,9.35
no_relation,85,0.89,4.82
no_relation,86,9.43,1.49
no_relation,87,3.95,1.77
no_relation,88,7.35,2.08
no_relation,89,6.2,7.29
no_relation,90,1.85,8.8
no_relation,91,0.93,5.0
no_relation,92,3.19,6.99
no_relation,93,8.34,3.73
no_relation,94,0.75,5.58
no_relation,95,4.95,7.89
no_relation,96,8.15,0.62
no_relation,97,3.08,8.66
no_relation,98,8.26,3.79
no_relation,99,4.44,1.63
no_relation,100,6.77,5.22
perfect_line,1,2.29,2.67
perfect_line,2,4.08,4.37
perfect_line,3,2.45,2.83
perfect_line,4,7.24,7.38
perfect_line,5,2.38,2.76
perfect_line,6,8.77,8.83
perfect_line,7,4.87,5.12
perfect_line,8,6.24,6.43
perfect_line,9,7.27,7.41
perfect_line,10,0.54,1.01
perfect_line,11,4.06,4.36
perfect_line,12,6.87,7.03
perfect_line,13,6.63,6.8
perfect_line,14,8.01,8.11
perfect_line,15,4.4,4.68
perfect_line,16,2.13,2.52
perfect_line,17,4.37,4.65
perfect_line,18,4.87,5.13
perfect_line,19,4.42,4.7
perfect_line,20,0.97,1.42
perfect_line,21,6.72,6.89
perfect_line,22,0.88,1.34
perfect_line,23,2.03,2.43
perfect_line,24,5.59,5.81
perfect_line,25,4.7,4.97
perfect_line,26,3.68,4.0
perfect_line,27,1.46,1.89
perfect_line,28,9.42,9.45
perfect_line,29,2.31,2.69
perfect_line,30,2.18,2.57
perfect_line,31,0.83,1.29
perfect_line,32,9.15,9.19
perfect_line,33,7.14,7.28
perfect_line,34,3.37,3.7
perfect_line,35,3.45,3.78
perfect_line,36,6.84,7.0
perfect_line,37,3.48,3.81
perfect_line,38,4.33,4.62
perfect_line,39,6.76,6.93
perfect_line,40,4.11,4.41
perfect_line,41,6.25,6.44
perfect_line,42,5.94,6.14
perfect_line,43,7.69,7.8
perfect_line,44,1.48,1.9
perfect_line,45,7.32,7.46
perfect_line,46,8.6,8.67
perfect_line,47,1.09,1.53
perfect_line,48,7.71,7.82
perfect_line,49,7.16,7.3
perfect_line,50,4.88,5.14
perfect_line,51,3.12,3.46
perfect_line,52,6.52,6.7
perfect_line,53,3.61,3.93
perfect_line,54,1.01,1.46
perfect_line,55,0.83,1.29
perfect_line,56,4.57,4.84
perfect_line,57,5.99,6.19
perfect_line,58,4.82,5.08
perfect_line,59,2.4,2.78
perfect_line,60,1.09,1.53
perfect_line,61,1.33,1.76
perfect_line,62,3.64,3.95
perfect_line,63,9.0,9.05
perfect_line,64,8.25,8.34
perfect_line,65,5.17,5.41
perfect_line,66,6.47,6.65
perfect_line,67,2.66,3.03
perfect_line,68,0.81,1.27
perfect_line,69,0.52,1.0
perfect_line,70,1.19,1.63
perfect_line,71,1.15,1.59
perfect_line,72,7.45,7.58
perfect_line,73,0.77,1.23
perfect_line,74,0.97,1.42
perfect_line,75,5.82,6.03
perfect_line,76,9.05,9.1
perfect_line,77,2.98,3.33
perfect_line,78,7.16,7.3
perfect_line,79,4.79,5.05
perfect_line,80,8.53,8.6
perfect_line,81,6.42,6.6
perfect_line,82,5.38,5.61
perfect_line,83,4.73,5.0
perfect_line,84,6.98,7.13
perfect_line,85,3.79,4.1
perfect_line,86,4.65,4.92
perfect_line,87,4.22,4.5
perfect_line,88,9.03,9.07
perfect_line,89,4.51,4.78
perfect_line,90,7.57,7.69
perfect_line,91,0.95,1.4
perfect_line,92,7.6,7.72
perfect_line,93,4.44,4.72
perfect_line,94,2.03,2.43
perfect_line,95,6.57,6.74
perfect_line,96,2.12,2.52
perfect_line,97,8.56,8.63
perfect_line,98,2.22,2.61
perfect_line,99,3.73,4.04
perfect_line,100,2.59,2.96
circle,1,7.83,2.93
circle,2,4.4,1.57
circle,3,8.12,6.41
circle,4,3.67,1.68
circle,5,8.62,3.47
circle,6,4.27,1.12
circle,7,3.87,8.61
circle,8,3.78,1.59
circle,9,3.41,1.63
circle,10,5.32,8.81
circle,11,8.35,5.95
circle,12,8.58,4.27
circle,13,8.21,4.34
circle,14,1.96,3.48
circle,15,7.82,7.18
circle,16,5.88,2.29
circle,17,1.23,3.58
circle,18,2.1,5.56
circle,19,1.56,6.19
circle,20,5.31,2.02
circle,21,3.95,1.79
circle,22,3.42,1.86
circle,23,5.22,8.92
circle,24,6.56,7.62
circle,25,8.1,3.83
circle,26,7.08,7.77
circle,27,6.02,8.41
circle,28,1.72,6.87
circle,29,1.56,3.68
circle,30,7.21,7.65
circle,31,3.82,1.59
circle,32,3.18,7.93
circle,33,4.02,8.56
circle,34,2.86,8.19
circle,35,8.69,3.72
circle,36,2.16,3.21
circle,37,7.67,6.73
circle,38,5.95,2.09
circle,39,3.6,8.45
circle,40,8.76,5.01
circle,41,1.68,2.67
circle,42,3.77,1.77
circle,43,7.55,7.37
circle,44,1.36,6.45
circle,45,5.69,1.49
circle,46,4.81,8.73
circle,47,7.76,3.63
circle,48,4.35,8.46
circle,49,1.94,3.16
circle,50,7.37,2.49
circle,51,2.39,2.85
circle,52,3.57,7.74
circle,53,3.9,8.4
circle,54,7.6,2.25
circle,55,3.9,2.05
circle,56,3.31,7.54
circle,57,2.85,2.18
circle,58,7.65,6.66
circle,59,4.2,8.35
circle,60,1.66,4.26
circle,61,6.45,1.59
circle,62,1.4,4.12
circle,63,5.79,1.38
circle,64,3.33,7.85
circle,65,3.42,1.77
circle,66,7.78,2.53
circle,67,2.06,2.72
circle,68,5.49,1.56
circle,69,5.07,8.58
circle,70,6.18,7.86
circle,71,1.71,3.77
circle,72,4.42,1.11
circle,73,4.74,8.41
circle,74,7.66,2.95
circle,75,6.78,1.98
circle,76,8.02,5.1
circle,77,2.11,2.06
circle,78,8.41,5.9
circle,79,6.8,7.84
circle,80,1.31,6.93
circle,81,5.88,9.14
circle,82,2.38,3.25
circle,83,7.9,2.7
circle,84,1.99,3.48
circle,85,1.85,3.56
circle,86,1.67,6.38
circle,87,6.99,7.94
circle,88,3.78,1.7
circle,89,6.31,8.07
circle,90,3.72,8.38
circle,91,1.43,4.4
circle,92,7.23,7.32
circle,93,8.34,5.75
circle,94,8.69,5.46
circle,95,5.94,8.67
circle,96,1.61,6.02
circle,97,8.47,3.27
circle,98,6.98,7.96
circle,99,6.35,8.03
circle,100,1.44,3.13
u_shape,1,7.98,3.87
u_shape,2,1.45,4.67
u_shape,3,6.33,1.25
u_shape,4,1.79,4.53
u_shape,5,5.77,0.1
u_shape,6,5.88,0.52
u_shape,7,8.98,6.68
u_shape,8,1.75,3.83
u_shape,9,2.35,2.48
u_shape,10,6.07,0.46
u_shape,11,4.72,0.1
u_shape,12,0.86,6.01
u_shape,13,5.75,0.51
u_shape,14,7.29,2.66
u_shape,15,0.95,7.01
u_shape,16,8.51,5.21
u_shape,17,9.08,6.94
u_shape,18,6.55,1.26
u_shape,19,3.93,0.1
u_shape,20,5.3,0.1
u_shape,21,2.36,2.47
u_shape,22,1.85,3.83
u_shape,23,2.05,4.34
u_shape,24,7.74,3.46
u_shape,25,9.01,6.14
u_shape,26,3.39,1.36
u_shape,27,8.61,5.47
u_shape,28,5.35,0.1
u_shape,29,8.44,5.11
u_shape,30,2.68,1.84
u_shape,31,8.07,3.97
u_shape,32,1.65,4.21
u_shape,33,3.21,1.55
u_shape,34,6.57,1.08
u_shape,35,5.48,1.39
u_shape,36,1.7,4.36
u_shape,37,8.98,6.42
u_shape,38,1.6,4.14
u_shape,39,2.39,3.3
u_shape,40,7.82,3.44
u_shape,41,3.21,1.95
u_shape,42,2.69,2.95
u_shape,43,5.77,0.18
u_shape,44,1.62,3.82
u_shape,45,4.28,0.35
u_shape,46,4.12,0.48
u_shape,47,6.15,0.78
u_shape,48,1.28,5.93
u_shape,49,8.51,5.87
u_shape,50,7.77,3.92
u_shape,51,3.31,1.56
u_shape,52,8.15,3.51
u_shape,53,7.01,2.39
u_shape,54,5.63,0.9
u_shape,55,1.28,5.71
u_shape,56,6.08,0.55
u_shape,57,2.3,2.78
u_shape,58,4.29,1.21
u_shape,59,8.58,5.39
u_shape,60,8.23,4.12
u_shape,61,2.58,1.99
u_shape,62,2.3,3.05
u_shape,63,5.6,0.57
u_shape,64,6.26,0.78
u_shape,65,7.59,2.14
u_shape,66,2.17,2.98
u_shape,67,2.76,2.59
u_shape,68,5.75,0.1
u_shape,69,1.92,4.44
u_shape,70,8.98,6.7
u_shape,71,3.22,1.96
u_shape,72,6.53,1.43
u_shape,73,3.32,2.08
u_shape,74,9.15,7.47
u_shape,75,5.5,0.1
u_shape,76,3.29,1.61
u_shape,77,7.37,2.81
u_shape,78,2.83,2.32
u_shape,79,5.03,0.28
u_shape,80,6.01,0.78
u_shape,81,8.64,5.88
u_shape,82,4.49,0.41
u_shape,83,2.38,3.39
u_shape,84,1.55,4.98
u_shape,85,8.87,5.4
u_shape,86,7.73,2.6
u_shape,87,5.16,0.1
u_shape,88,5.21,0.1
u_shape,89,7.55,3.07
u_shape,90,4.16,0.73
u_shape,91,2.05,2.91
u_shape,92,4.77,0.1
u_shape,93,5.31,0.52
u_shape,94,7.23,2.96
u_shape,95,1.87,3.71
u_shape,96,5.45,0.1
u_shape,97,0.88,7.44
u_shape,98,6.34,0.17
u_shape,99,6.33,1.08
u_shape,100,8.01,4.21
sine_wave,1,4.3,3.06
sine_wave,2,7.19,5.83
sine_wave,3,9.1,2.85
sine_wave,4,6.21,8.45
sine_wave,5,3.27,2.12
sine_wave,6,6.43,7.99
sine_wave,7,8.87,2.02
sine_wave,8,5.65,8.04
sine_wave,9,6.21,8.24
sine_wave,10,0.4,6.85
sine_wave,11,5.7,8.01
sine_wave,12,1.45,8.7
sine_wave,13,8.6,0.88
sine_wave,14,2.38,5.24
sine_wave,15,4.88,5.27
sine_wave,16,3.91,1.66
sine_wave,17,1.99,6.97
sine_wave,18,8.55,1.73
sine_wave,19,6.62,8.41
sine_wave,20,1.01,8.17
sine_wave,21,4.99,5.43
sine_wave,22,0.45,6.61
sine_wave,23,0.65,8.34
sine_wave,24,9.01,2.31
sine_wave,25,8.56,1.35
sine_wave,26,0.79,8.36
sine_wave,27,7.35,4.69
sine_wave,28,1.23,7.77
sine_wave,29,8.24,1.25
sine_wave,30,4.91,5.65
sine_wave,31,2.21,5.73
sine_wave,32,7.04,5.85
sine_wave,33,6.86,6.9
sine_wave,34,7.75,2.42
sine_wave,35,4.14,1.78
sine_wave,36,4.18,2.21
sine_wave,37,8.17,2.2
sine_wave,38,2.97,2.86
sine_wave,39,9.41,3.27
sine_wave,40,7.28,4.67
sine_wave,41,8.62,1.12
sine_wave,42,8.61,1.82
sine_wave,43,0.74,7.68
sine_wave,44,5.7,8.12
sine_wave,45,3.18,1.97
sine_wave,46,6.1,8.21
sine_wave,47,6.16,8.88
sine_wave,48,1.24,8.52
sine_wave,49,4.63,4.05
sine_wave,50,0.98,7.73
sine_wave,51,4.72,4.05
sine_wave,52,5.35,6.66
sine_wave,53,7.66,2.83
sine_wave,54,1.44,8.44
sine_wave,55,9.54,4.81
sine_wave,56,3.36,1.94
sine_wave,57,5.1,6.33
sine_wave,58,5.9,8.75
sine_wave,59,9.49,4.01
sine_wave,60,6.48,7.33
sine_wave,61,8.81,2.02
sine_wave,62,6.58,7.91
sine_wave,63,6.42,8.15
sine_wave,64,5.28,6.44
sine_wave,65,6.38,8.05
sine_wave,66,9.66,5.25
sine_wave,67,6.21,8.54
sine_wave,68,4.68,4.39
sine_wave,69,0.55,7.38
sine_wave,70,8.35,1.36
sine_wave,71,8.23,1.93
sine_wave,72,3.53,0.51
sine_wave,73,5.95,7.99
sine_wave,74,0.4,6.89
sine_wave,75,5.96,8.82
sine_wave,76,5.59,8.68
sine_wave,77,7.61,4.19
sine_wave,78,4.95,5.41
sine_wave,79,5.74,8.71
sine_wave,80,7.91,2.41
sine_wave,81,4.82,5.64
sine_wave,82,9.57,4.81
sine_wave,83,6.83,7.46
sine_wave,84,4.36,2.44
sine_wave,85,6.09,8.36
sine_wave,86,8.48,0.75
sine_wave,87,6.7,6.81
sine_wave,88,7.72,2.91
sine_wave,89,1.01,8.6
sine_wave,90,1.18,8.87
sine_wave,91,2.96,3.11
sine_wave,92,5.93,8.34
sine_wave,93,2.54,5.17
sine_wave,94,0.96,7.93
sine_wave,95,7.13,5.82
sine_wave,96,9.51,4.6
sine_wave,97,2.24,6.32
sine_wave,98,4.0,1.97
sine_wave,99,8.94,1.78
sine_wave,100,8.08,2.03
two_clusters,1,6.21,6.99
two_clusters,2,4.22,3.12
two_clusters,3,3.81,4.08
two_clusters,4,7.69,6.84
two_clusters,5,3.56,3.68
two_clusters,6,3.84,3.29
two_clusters,7,5.59,8.15
two_clusters,8,6.04,6.58
two_clusters,9,3.25,3.47
two_clusters,10,5.33,7.35
two_clusters,11,5.38,7.28
two_clusters,12,3.83,2.95
two_clusters,13,3.24,3.32
two_clusters,14,3.55,3.41
two_clusters,15,4.72,2.91
two_clusters,16,2.49,3.23
two_clusters,17,2.44,2.93
two_clusters,18,1.94,3.11
two_clusters,19,6.78,7.27
two_clusters,20,3.96,3.27
two_clusters,21,3.92,4.63
two_clusters,22,6.32,6.35
two_clusters,23,7.31,6.99
two_clusters,24,7.02,7.38
two_clusters,25,3.0,2.39
two_clusters,26,7.08,6.16
two_clusters,27,7.75,6.82
two_clusters,28,6.48,6.57
two_clusters,29,7.13,7.29
two_clusters,30,4.6,2.48
two_clusters,31,6.02,5.86
two_clusters,32,2.74,2.84
two_clusters,33,3.79,2.42
two_clusters,34,3.15,2.87
two_clusters,35,3.14,3.19
two_clusters,36,7.49,8.86
two_clusters,37,6.55,7.74
two_clusters,38,3.45,2.24
two_clusters,39,5.83,7.65
two_clusters,40,4.7,3.39
two_clusters,41,1.04,3.14
two_clusters,42,3.27,2.58
two_clusters,43,6.48,5.28
two_clusters,44,7.12,7.92
two_clusters,45,3.04,3.6
two_clusters,46,3.5,2.44
two_clusters,47,2.57,2.28
two_clusters,48,3.09,2.14
two_clusters,49,6.44,7.79
two_clusters,50,3.58,2.44
two_clusters,51,7.54,6.59
two_clusters,52,7.28,6.36
two_clusters,53,7.51,6.98
two_clusters,54,8.01,6.65
two_clusters,55,4.93,7.18
two_clusters,56,3.14,3.39
two_clusters,57,7.67,7.37
two_clusters,58,6.38,6.97
two_clusters,59,3.18,1.15
two_clusters,60,2.87,3.3
two_clusters,61,3.32,2.23
two_clusters,62,5.01,7.38
two_clusters,63,3.68,3.73
two_clusters,64,4.74,2.24
two_clusters,65,6.08,7.78
two_clusters,66,6.46,5.17
two_clusters,67,3.7,1.84
two_clusters,68,3.73,1.96
two_clusters,69,7.07,6.88
two_clusters,70,5.02,3.22
two_clusters,71,3.21,3.55
two_clusters,72,3.11,3.34
two_clusters,73,8.14,6.49
two_clusters,74,7.85,6.95
two_clusters,75,7.72,6.56
two_clusters,76,7.86,4.95
two_clusters,77,1.86,4.19
two_clusters,78,2.64,2.16
two_clusters,79,7.13,5.33
two_clusters,80,4.57,3.55
two_clusters,81,2.79,2.52
two_clusters,82,2.46,2.54
two_clusters,83,2.99,1.39
two_clusters,84,6.19,6.3
two_clusters,85,2.09,2.72
two_clusters,86,3.64,4.25
two_clusters,87,7.76,7.09
two_clusters,88,2.53,1.72
two_clusters,89,6.34,7.53
two_clusters,90,7.23,6.61
two_clusters,91,7.44,7.4
two_clusters,92,7.46,8.19
two_clusters,93,6.56,7.2
two_clusters,94,6.38,6.95
two_clusters,95,7.72,8.29
two_clusters,96,6.66,7.98
two_clusters,97,6.02,7.23
two_clusters,98,3.12,2.26
two_clusters,99,3.91,2.46
two_clusters,100,7.9,8.03
one_outlier,1,2.74,2.77
one_outlier,2,1.87,3.35
one_outlier,3,3.23,2.36
one_outlier,4,1.39,0.55
one_outlier,5,2.23,1.88
one_outlier,6,3.49,3.65
one_outlier,7,4.56,3.75
one_outlier,8,1.8,1.86
one_outlier,9,3.14,1.62
one_outlier,10,3.0,1.4
one_outlier,11,3.35,0.82
one_outlier,12,5.61,3.6
one_outlier,13,2.63,3.91
one_outlier,14,3.3,3.39
one_outlier,15,2.3,3.38
one_outlier,16,4.99,4.05
one_outlier,17,2.45,4.88
one_outlier,18,3.86,2.22
one_outlier,19,5.24,1.43
one_outlier,20,3.44,1.73
one_outlier,21,3.81,2.34
one_outlier,22,5.3,3.85
one_outlier,23,4.33,3.11
one_outlier,24,1.9,0.61
one_outlier,25,4.24,4.46
one_outlier,26,1.0,2.63
one_outlier,27,2.93,5.62
one_outlier,28,3.17,2.48
one_outlier,29,3.42,2.58
one_outlier,30,1.33,2.58
one_outlier,31,3.39,2.13
one_outlier,32,2.06,2.11
one_outlier,33,2.22,5.75
one_outlier,34,3.63,2.51
one_outlier,35,2.67,4.17
one_outlier,36,3.52,2.7
one_outlier,37,4.35,4.01
one_outlier,38,3.04,3.32
one_outlier,39,1.23,0.96
one_outlier,40,3.06,3.56
one_outlier,41,4.86,1.67
one_outlier,42,3.16,3.9
one_outlier,43,4.38,3.43
one_outlier,44,3.53,1.85
one_outlier,45,2.8,3.54
one_outlier,46,2.34,3.78
one_outlier,47,2.49,3.46
one_outlier,48,3.08,3.36
one_outlier,49,3.05,2.55
one_outlier,50,1.53,2.66
one_outlier,51,3.08,3.3
one_outlier,52,2.08,2.9
one_outlier,53,3.14,2.55
one_outlier,54,2.81,2.05
one_outlier,55,2.69,2.51
one_outlier,56,0.2,3.36
one_outlier,57,2.79,2.73
one_outlier,58,1.64,2.44
one_outlier,59,2.94,3.95
one_outlier,60,4.12,1.16
one_outlier,61,2.29,4.94
one_outlier,62,3.39,4.16
one_outlier,63,3.62,3.12
one_outlier,64,1.58,5.21
one_outlier,65,3.14,5.17
one_outlier,66,3.54,3.98
one_outlier,67,1.43,3.6
one_outlier,68,3.39,3.15
one_outlier,69,1.95,1.52
one_outlier,70,2.18,2.89
one_outlier,71,3.29,2.51
one_outlier,72,3.03,4.56
one_outlier,73,3.74,2.85
one_outlier,74,3.76,1.85
one_outlier,75,3.61,3.8
one_outlier,76,3.39,2.81
one_outlier,77,3.75,2.79
one_outlier,78,3.82,3.6
one_outlier,79,3.97,2.78
one_outlier,80,0.96,2.61
one_outlier,81,4.79,1.3
one_outlier,82,3.43,1.53
one_outlier,83,3.26,2.52
one_outlier,84,2.82,0.2
one_outlier,85,2.87,3.88
one_outlier,86,1.55,2.16
one_outlier,87,3.97,3.91
one_outlier,88,2.73,2.58
one_outlier,89,4.36,3.16
one_outlier,90,0.59,3.29
one_outlier,91,1.72,2.5
one_outlier,92,4.59,3.6
one_outlier,93,0.33,1.26
one_outlier,94,2.61,3.85
one_outlier,95,4.58,2.75
one_outlier,96,2.05,2.21
one_outlier,97,4.78,2.48
one_outlier,98,2.8,2.83
one_outlier,99,3.7,3.89
one_outlier,100,9.5,9.5
