id,x,y,split
1,9.2,13.34,test
2,7.81,13.08,test
3,1.85,8.04,test
4,7.93,12.57,train
5,5.89,10.34,train
6,0.58,2.01,train
7,1.31,6.5,train
8,0.3,7.07,train
9,2.94,7.03,train
10,8.36,12.38,test
11,6.63,9.71,train
12,6.36,7.1,train
13,4.63,6.6,train
14,4.57,8.38,test
15,4.43,7.19,test
16,4.06,4.01,train
17,8.45,13.36,train
18,1.56,3.37,test
19,2.27,5.54,train
20,1.99,7.01,train
21,4.58,9.92,test
22,0.33,4.46,train
23,2.4,3.23,test
24,0.65,4.46,train
25,6.02,7.05,train
26,0.77,3.85,test
27,3.42,4.55,train
28,8.76,11.73,train
29,8.56,11.11,train
30,5.98,8.37,test
31,1.31,5.78,train
32,9.3,10.33,train
33,1.55,7.19,train
34,9.2,12.57,train
35,2.67,8.4,train
36,9.01,15.32,test
37,9.18,11.36,train
38,7.54,10.01,train
39,1.42,0.83,train
40,5.05,10.79,train
