id,x1,x2,x3,x4,x5,x6,x7,y,split
1,19.98,174.36,15.57,27.75,3.75,10.44,166.42,54.9,train
2,16.58,169.59,10.31,31.68,25.33,18.41,262.66,37.0,train
3,19.41,162.56,14.54,28.46,16.10,11.60,227.00,44.7,train
4,27.34,183.02,13.73,27.49,5.35,11.21,212.88,51.4,train
5,18.06,136.30,8.19,20.56,7.97,16.01,181.16,46.9,train
6,18.08,174.41,9.97,44.19,3.15,11.32,158.31,59.2,train
7,16.42,149.95,9.85,21.33,6.65,15.61,232.50,45.7,test
8,18.36,168.19,8.31,32.99,14.84,12.33,203.07,47.5,test
9,27.28,159.96,14.79,34.60,2.46,6.87,143.49,61.0,test
10,14.57,140.50,11.86,38.64,20.56,14.00,308.25,37.9,train
11,18.29,113.69,16.54,21.20,2.84,12.69,216.28,49.6,test
12,25.97,172.54,6.84,35.90,4.66,10.51,186.63,51.2,train
13,23.23,154.05,8.55,23.39,5.78,12.44,222.56,54.9,train
14,17.33,136.49,9.39,37.16,9.30,13.57,235.52,41.4,train
15,19.66,153.91,10.04,23.33,0.98,8.28,153.90,64.6,test
16,25.24,168.29,8.48,26.84,4.34,7.56,201.61,59.8,train
17,21.00,183.19,15.75,39.90,5.98,13.52,183.73,56.3,train
18,16.89,183.62,10.08,36.18,11.22,17.08,245.27,46.0,test
19,18.81,118.46,9.41,26.98,13.69,13.22,268.96,42.1,train
20,14.49,111.35,10.23,34.97,16.36,13.74,236.96,36.0,train
21,18.15,158.79,15.42,20.91,9.84,12.21,232.73,47.9,train
22,19.21,150.22,8.78,34.70,18.51,13.34,218.45,41.7,train
23,17.13,130.11,15.87,29.23,7.80,15.43,243.77,42.8,train
24,20.89,140.92,8.47,31.34,5.11,11.59,183.68,51.8,test
25,19.11,127.74,14.63,26.71,13.93,18.31,262.77,39.6,train
26,18.41,134.53,9.56,32.38,3.06,13.25,182.32,50.3,train
27,23.88,180.33,8.76,31.72,1.09,7.82,148.17,66.2,test
28,25.15,156.84,8.38,19.15,1.08,12.04,130.94,65.1,train
29,19.73,137.81,9.00,24.38,15.35,15.28,223.33,44.7,train
30,20.08,171.49,15.35,31.95,4.89,8.04,209.19,51.7,train
31,19.92,160.49,10.56,34.13,2.22,15.12,227.42,51.9,test
32,20.25,160.15,9.19,25.20,3.65,6.51,195.56,59.5,test
33,24.73,155.42,15.53,39.61,2.02,8.87,171.02,60.1,train
34,18.77,134.95,8.62,33.89,8.48,11.22,199.96,50.2,test
35,20.52,148.20,8.05,33.29,6.16,8.63,161.70,55.5,test
36,19.41,162.50,8.81,30.06,6.70,11.92,212.32,46.7,train
37,16.12,125.39,10.44,26.75,26.81,17.47,273.27,34.0,train
38,19.57,130.83,7.55,40.04,11.21,12.72,178.96,45.9,train
39,20.20,159.43,8.65,28.01,4.73,10.48,187.07,54.1,train
40,20.85,152.06,8.36,38.49,4.73,11.75,185.68,51.7,test
41,25.21,154.49,15.90,39.00,1.49,8.44,132.42,63.8,train
42,21.59,163.75,9.01,28.60,2.81,8.60,189.05,59.1,test
43,19.54,119.76,14.74,42.49,5.14,16.13,209.56,45.4,train
44,19.45,157.59,9.15,31.66,1.60,9.05,166.67,57.7,train
45,12.83,129.39,12.73,26.45,53.05,18.00,249.90,26.6,train
46,18.86,121.66,9.30,30.70,10.22,5.67,240.48,48.9,test
47,23.61,170.38,15.62,19.93,2.53,8.34,180.31,59.6,train
48,25.26,141.73,7.17,32.24,3.26,14.42,170.89,52.3,test
49,14.53,143.31,15.44,23.19,5.53,13.16,178.79,48.2,train
50,24.17,122.75,15.13,36.52,2.10,7.04,160.79,58.0,train
51,16.16,119.58,10.12,24.27,15.18,14.50,261.31,36.9,train
52,23.20,164.70,8.38,30.41,2.39,6.25,172.20,60.2,train
53,22.28,182.83,8.58,22.02,1.40,8.78,157.22,56.3,train
54,21.19,153.70,14.80,26.99,5.86,9.95,165.64,54.6,train
55,14.33,95.83,10.86,26.29,46.44,15.75,230.96,27.5,train
56,17.68,143.86,7.91,24.05,10.51,15.11,185.19,44.3,train
57,19.68,153.29,8.40,16.63,6.94,13.75,197.56,48.1,train
58,35.22,206.50,6.21,18.59,0.35,6.97,71.59,82.4,test
59,16.78,152.66,8.92,28.10,5.25,11.92,189.09,47.6,train
60,22.89,167.42,14.88,20.18,4.04,12.46,174.05,54.2,train
61,16.80,147.38,9.34,33.98,7.75,12.84,202.08,46.9,test
62,19.11,139.12,14.90,22.18,7.84,12.71,198.96,48.7,train
63,14.38,142.98,10.03,31.38,7.57,14.51,223.96,38.3,train
64,24.46,169.42,13.78,25.78,7.54,12.47,169.83,53.5,test
65,18.71,171.18,10.03,30.21,2.04,9.40,179.32,62.0,train
66,22.34,142.59,14.64,22.66,4.27,12.08,196.88,50.9,train
67,19.69,109.98,8.72,30.91,12.99,14.81,194.46,47.1,test
68,11.59,95.39,12.26,25.03,46.33,15.42,269.92,28.4,train
69,25.54,172.71,8.63,31.17,1.26,9.29,152.31,65.3,train
70,21.26,133.69,15.53,31.67,3.70,11.66,147.81,58.1,train
71,17.76,147.51,16.30,34.59,6.02,10.14,197.99,52.6,test
72,25.59,170.39,7.51,35.17,2.93,8.31,167.62,62.5,test
73,27.32,178.93,14.69,24.07,3.35,10.88,166.34,60.2,train
74,17.41,137.74,9.99,32.22,39.65,16.63,239.36,34.0,test
75,23.24,197.57,15.47,27.16,1.58,7.58,135.42,61.5,train
76,24.08,192.96,14.02,33.32,5.58,9.01,117.91,60.2,train
77,23.07,141.49,7.54,28.71,6.96,12.21,199.03,48.2,test
78,14.09,82.47,11.45,40.17,52.81,13.22,256.38,29.2,test
79,21.26,179.60,9.00,28.21,3.36,9.29,195.84,61.2,train
80,20.47,125.59,8.24,34.26,6.67,11.01,181.65,49.1,train
81,22.09,187.15,9.20,33.67,1.21,9.58,152.08,64.6,train
82,24.92,156.18,8.64,37.21,2.57,14.21,173.29,57.0,train
83,14.01,139.85,9.28,26.27,18.66,12.30,209.48,38.5,train
84,21.08,152.05,9.08,32.30,5.96,12.76,221.21,51.3,test
85,22.75,183.08,9.08,28.81,3.85,10.45,227.66,53.9,train
86,14.42,107.29,10.37,35.67,20.35,15.94,247.74,34.3,train
87,11.00,152.85,10.72,24.56,18.51,12.28,236.86,38.8,test
88,13.87,135.09,11.85,32.97,38.37,15.20,295.09,32.4,train
89,23.71,189.69,8.75,35.91,1.16,7.43,167.74,61.7,train
90,22.32,140.53,13.59,38.72,20.01,16.80,213.19,43.9,train
91,17.62,141.21,8.96,24.09,9.45,10.96,233.25,44.9,train
92,14.83,158.45,9.97,24.33,9.84,12.68,238.54,45.5,test
93,17.65,189.03,9.28,33.45,3.14,12.67,168.71,55.3,test
94,16.11,106.83,9.80,28.84,13.34,15.57,258.26,35.0,train
95,21.10,145.71,8.60,30.89,5.13,12.61,219.53,47.1,train
96,17.26,176.34,10.99,41.35,1.61,14.54,178.39,57.5,train
97,21.05,101.31,8.14,31.26,8.72,9.55,203.65,49.6,train
98,16.08,92.93,8.75,19.89,24.66,13.43,199.56,40.7,train
99,25.85,154.05,14.99,33.32,2.70,8.63,180.00,58.0,test
100,20.61,153.85,8.11,29.90,19.04,12.20,223.54,41.1,train
