t,sine,trend,trend_season,random_walk,ar1,level_shifts,damped_wave,exponential,sawtooth,white_noise
0,51.55,18.34,28.37,49.58,48.64,30.61,92.18,7.35,19.84,57.2
1,52.39,13.65,24.92,52.2,50.06,30.98,90.68,13.37,23.14,64.84
2,54.28,20.75,34.14,51.11,34.22,27.13,87.76,9.69,22.83,68.98
3,61.78,11.27,34.41,51.27,37.44,29.42,82.04,11.5,24.3,31.92
4,64.65,17.43,37.99,55.11,33.35,30.35,77.25,13.74,25.49,69.27
5,66.9,13.91,38.83,52.67,29.88,27.82,71.24,11.62,25.22,46.26
6,74.71,13.38,35.36,54.27,35.45,25.82,64.0,8.88,28.36,40.35
7,75.83,17.02,41.91,54.94,33.66,34.24,54.87,9.62,28.76,43.6
8,74.07,14.43,38.88,54.37,36.27,30.91,45.2,10.88,30.91,36.77
9,78.06,19.26,39.78,52.96,34.65,31.64,40.21,8.23,32.77,40.27
10,77.78,14.85,34.4,54.42,31.52,30.56,32.03,8.27,35.89,61.64
11,81.22,21.05,39.63,56.02,19.88,28.96,25.46,12.08,37.57,47.03
12,77.75,23.86,33.93,50.15,23.85,29.05,20.0,6.83,35.85,51.35
13,83.09,18.06,25.84,53.96,21.44,26.47,20.42,12.15,38.7,42.43
14,79.52,24.25,27.01,52.59,22.9,32.22,17.61,13.97,40.33,39.44
15,80.38,24.48,16.49,54.48,25.79,29.12,13.28,6.69,41.28,52.07
16,77.75,16.82,18.75,54.93,31.52,32.12,14.51,10.35,43.88,50.27
17,74.45,19.22,14.04,54.98,32.87,27.94,22.15,11.52,44.96,43.86
18,72.94,17.14,12.5,55.22,33.83,31.07,27.13,11.33,48.16,64.44
19,71.98,22.62,9.73,53.09,25.68,30.53,28.82,9.66,49.04,55.13
20,71.39,15.28,15.35,53.06,30.65,31.56,33.9,11.35,49.64,54.11
21,63.73,22.21,14.84,48.64,36.35,30.03,41.67,13.3,52.89,45.9
22,61.23,26.56,23.1,44.09,41.13,26.9,47.35,12.78,53.3,46.78
23,59.87,31.59,22.69,41.22,45.11,28.53,52.43,11.02,55.59,67.55
24,54.14,19.83,20.77,44.75,41.38,33.54,61.02,8.91,56.91,48.17
25,49.97,26.63,36.17,41.23,27.82,28.01,65.36,10.13,56.28,45.99
26,44.09,26.81,40.97,41.27,28.25,32.2,69.98,12.66,56.81,48.23
27,41.77,21.16,32.72,40.9,33.3,28.08,71.27,7.47,62.76,58.89
28,39.5,34.24,41.71,28.56,33.31,31.04,74.91,9.16,62.39,62.03
29,36.45,20.72,43.69,28.31,36.88,28.19,78.68,9.53,61.55,49.55
30,31.98,28.18,49.16,24.14,47.6,30.51,75.51,12.42,65.88,51.96
31,30.76,31.88,54.16,23.8,47.75,30.39,78.04,10.72,62.12,62.82
32,25.89,29.93,49.08,20.95,49.63,28.08,74.1,11.9,70.21,59.35
33,23.24,22.56,41.56,24.41,52.93,30.96,70.73,11.82,67.55,52.85
34,23.41,30.22,38.16,24.4,59.06,30.23,68.05,15.15,73.32,54.61
35,21.37,27.26,41.45,26.09,55.22,28.68,63.48,16.4,73.05,61.84
36,18.96,27.35,40.8,26.35,53.93,24.99,55.66,8.5,73.91,43.53
37,24.53,31.16,38.0,25.86,51.39,29.59,51.46,11.79,76.07,39.06
38,19.12,26.55,30.51,22.81,49.47,24.95,50.71,16.21,76.77,66.19
39,20.27,36.07,26.6,21.83,46.59,27.21,41.8,13.15,78.53,50.29
40,21.36,32.72,20.4,22.18,51.49,67.35,39.82,15.01,20.2,50.16
41,22.87,31.74,23.4,23.81,49.13,64.74,34.55,12.98,22.02,53.24
42,24.06,30.55,16.23,29.15,46.38,70.87,31.72,11.9,25.28,58.84
43,24.55,28.73,18.05,29.65,45.72,65.4,29.0,11.93,23.85,63.67
44,30.78,34.61,20.4,28.88,53.27,73.46,28.53,12.76,24.16,41.79
45,34.29,32.8,22.26,33.21,56.47,71.05,28.18,12.54,24.78,49.83
46,36.33,36.35,23.57,32.98,58.13,70.71,30.01,16.06,27.01,53.99
47,38.72,33.25,27.77,39.4,59.02,68.07,27.55,12.76,32.72,24.11
48,39.6,34.69,25.4,42.44,50.3,70.99,34.44,12.03,28.92,62.32
49,46.41,34.46,29.99,43.64,50.59,68.52,35.62,12.85,29.06,46.26
50,51.44,32.93,38.97,44.7,48.5,69.84,38.29,13.66,31.11,51.51
51,54.26,39.53,36.58,47.56,49.04,69.27,44.27,12.88,36.55,63.05
52,58.14,37.15,44.14,48.0,45.84,70.15,45.73,14.0,40.16,36.79
53,60.23,41.05,43.87,53.06,43.43,68.55,52.86,11.34,38.99,59.42
54,65.69,32.23,48.29,49.73,38.86,67.65,56.1,15.89,40.51,40.88
55,68.87,37.8,52.19,47.8,42.8,73.07,59.52,15.34,42.02,68.99
56,75.51,39.55,49.28,46.15,42.51,69.2,61.73,15.35,40.25,30.39
57,72.5,38.18,54.85,44.2,47.08,69.29,67.06,15.36,44.81,51.86
58,74.48,38.35,45.96,45.54,46.24,66.67,65.31,15.92,46.06,58.72
59,75.25,43.12,49.79,46.74,46.12,71.41,65.88,11.7,47.5,36.67
60,80.32,37.24,44.86,49.04,42.08,70.77,68.91,10.84,48.94,49.21
61,79.09,35.96,47.07,52.05,41.21,68.84,68.71,15.67,53.45,46.76
62,81.68,42.49,39.4,47.71,51.52,67.95,65.89,13.56,53.39,52.99
63,79.94,44.94,32.33,49.28,45.74,67.49,64.97,13.13,57.19,51.55
64,75.34,41.74,31.83,54.24,41.17,69.21,61.25,16.78,55.24,45.36
65,73.84,46.76,27.63,55.37,37.15,68.53,60.47,15.32,55.22,58.59
66,78.54,43.46,26.27,52.13,45.95,70.46,56.1,15.42,61.31,53.28
67,77.73,42.04,27.31,53.54,43.67,66.68,51.89,14.28,61.52,67.97
68,73.8,43.56,16.49,51.4,48.93,69.66,48.98,14.66,62.9,59.62
69,71.79,38.06,22.64,50.29,49.06,68.69,46.43,12.64,61.68,31.22
70,62.19,43.22,27.57,51.66,50.68,69.1,41.23,17.96,65.41,44.73
71,64.13,40.36,31.01,49.48,52.07,66.79,39.27,16.12,69.17,48.42
72,62.04,46.5,29.83,48.92,52.91,70.33,37.63,18.05,68.99,33.58
73,60.8,42.16,37.32,49.05,48.22,71.93,35.18,16.86,71.14,60.74
74,55.28,46.64,38.23,42.71,56.41,68.33,37.06,17.87,68.59,46.79
75,46.84,43.95,36.92,49.81,59.32,69.43,34.06,16.8,71.61,41.7
76,46.12,48.52,47.37,46.9,53.93,69.21,35.88,14.53,73.23,42.13
77,38.6,48.44,50.78,45.68,40.31,69.73,40.44,13.88,75.35,73.78
78,40.39,42.42,49.34,42.21,37.9,66.92,39.02,13.99,75.69,52.29
79,34.38,47.27,51.59,41.06,39.06,66.74,41.9,15.98,79.36,50.88
80,34.11,44.89,57.25,42.0,31.01,43.84,43.02,16.95,20.78,46.34
81,30.5,46.62,54.04,43.75,28.48,44.56,48.44,15.76,22.18,41.69
82,26.79,49.24,58.94,45.09,22.98,48.27,47.71,15.62,22.49,52.77
83,25.83,47.78,51.29,44.52,29.27,43.95,52.07,16.48,24.27,55.83
84,22.77,53.08,51.98,41.42,35.08,44.83,54.74,19.2,25.23,48.05
85,19.82,50.11,48.82,39.19,37.42,45.09,56.0,15.82,26.11,54.64
86,20.68,50.74,44.62,38.34,40.06,42.09,58.68,20.12,29.82,50.09
87,19.64,50.85,40.81,40.45,39.88,45.93,58.64,20.56,28.96,58.62
88,21.11,49.99,43.93,39.4,31.98,43.67,60.7,18.08,33.34,68.43
89,22.45,49.01,39.84,39.43,29.38,45.01,63.45,18.29,32.92,66.51
90,21.9,52.2,31.7,38.67,28.36,46.51,63.19,18.09,34.66,45.37
91,22.59,51.36,34.4,36.58,36.82,43.09,60.23,17.52,37.18,37.12
92,24.79,47.52,34.22,36.63,38.29,45.0,60.35,21.61,36.17,36.14
93,26.58,51.99,32.85,39.21,39.02,43.39,57.37,22.15,40.39,44.5
94,27.93,53.94,31.8,37.85,42.28,44.4,58.73,18.35,42.36,40.25
95,32.04,53.3,28.12,37.96,45.11,42.91,56.48,18.4,39.73,55.56
96,37.64,55.68,35.77,38.14,46.96,44.05,55.17,20.49,43.26,48.75
97,37.71,53.51,35.83,39.94,33.6,43.61,50.48,20.86,44.69,45.91
98,42.98,47.27,39.38,43.54,40.41,50.82,49.56,16.81,47.9,51.87
99,44.36,55.87,44.8,42.89,48.56,48.08,45.92,19.82,49.23,35.13
100,47.52,57.49,43.19,37.11,45.27,42.2,42.98,21.16,49.22,46.95
101,52.43,57.6,48.79,37.31,45.6,45.86,44.8,20.08,51.36,57.78
102,59.85,59.02,51.56,39.78,44.76,45.35,42.67,17.64,51.56,50.1
103,62.64,57.54,56.02,42.21,39.25,42.82,42.73,21.97,53.45,59.77
104,64.92,59.85,62.48,38.74,38.54,45.19,40.19,23.84,54.1,45.81
105,65.57,62.66,61.04,39.22,39.94,44.71,41.17,21.22,57.45,58.62
106,69.07,59.61,59.72,36.99,52.48,44.45,41.86,21.24,59.86,48.43
107,72.04,58.9,55.13,36.86,54.96,45.82,44.61,18.88,56.62,28.42
108,74.82,52.56,62.0,37.19,60.07,45.36,43.73,19.31,61.28,50.6
109,75.66,53.85,59.09,38.02,59.75,47.97,42.91,22.44,64.98,44.32
110,80.17,55.58,55.88,41.04,58.68,46.58,43.1,20.3,64.33,52.32
111,77.93,64.68,57.19,40.36,60.57,45.93,45.98,18.39,67.49,79.57
112,77.94,54.83,47.34,41.67,55.03,45.81,52.52,22.08,65.79,42.89
113,79.14,59.06,51.2,43.24,60.53,44.63,50.68,23.79,67.52,56.85
114,80.34,58.32,40.46,45.28,57.88,48.04,53.54,22.85,69.89,48.85
115,76.11,60.26,36.53,44.62,60.97,45.51,54.76,24.35,70.72,43.51
116,77.23,63.98,38.32,41.93,70.58,45.37,56.79,24.97,75.35,61.97
117,73.8,60.98,42.09,43.12,74.75,42.89,56.08,21.15,77.41,53.86
118,76.14,61.23,26.94,43.34,79.13,43.84,56.07,20.36,78.29,56.57
119,70.31,64.45,39.45,46.45,83.34,46.8,58.24,22.73,77.43,41.07
120,67.25,61.67,35.41,48.31,72.89,79.99,58.06,22.91,21.49,49.78
121,63.31,67.6,33.49,45.2,75.6,77.17,55.97,27.38,22.6,64.03
122,64.83,61.87,36.5,46.31,73.49,83.35,55.25,22.89,22.11,46.03
123,57.14,63.33,37.46,45.0,74.06,81.01,55.64,26.03,22.82,32.34
124,51.31,62.12,43.06,43.86,80.74,83.19,54.98,26.73,28.98,47.95
125,52.11,64.07,49.41,44.19,74.09,81.38,53.22,24.36,26.27,55.81
126,43.59,70.33,56.45,45.76,75.44,80.73,53.95,25.13,28.08,43.18
127,39.34,67.25,64.45,50.65,69.78,77.11,50.79,27.08,32.15,30.72
128,37.63,68.17,59.9,49.81,76.41,77.55,47.91,25.29,33.94,47.71
129,38.46,65.08,65.65,53.07,71.24,77.39,45.92,28.52,35.56,38.67
130,33.26,68.81,62.14,53.55,66.98,77.75,46.17,28.88,37.62,45.48
131,28.34,67.6,71.86,52.01,60.03,80.44,46.32,25.17,40.08,21.35
132,29.4,69.89,71.75,54.35,51.77,83.47,41.98,23.47,36.65,42.09
133,24.02,68.47,64.42,52.48,59.83,84.62,45.05,24.73,38.73,72.27
134,22.08,75.57,64.52,51.82,54.3,76.85,45.5,27.1,40.12,42.76
135,19.01,66.35,62.06,46.18,57.17,77.71,42.33,27.93,43.47,48.97
136,20.93,70.87,56.26,47.06,64.29,79.05,45.38,31.86,46.25,60.47
137,21.25,71.48,54.85,49.57,67.28,78.47,43.82,27.03,44.48,31.81
138,19.44,69.34,50.1,51.56,67.5,76.81,45.08,25.18,46.97,45.83
139,16.78,71.45,51.6,51.65,68.03,80.03,47.42,27.71,49.24,48.76
140,20.46,75.63,37.33,58.8,69.71,80.69,47.92,30.8,49.23,32.41
141,23.84,66.3,44.34,63.74,73.6,82.59,45.51,30.5,51.74,63.76
142,24.75,69.92,36.83,64.22,78.19,79.15,48.91,31.56,52.15,40.23
143,22.49,73.45,39.12,63.88,73.33,78.99,53.08,30.7,55.0,38.63
144,32.35,72.66,36.45,68.4,72.62,82.86,53.32,31.02,55.46,49.73
145,31.08,76.23,40.02,67.35,61.73,77.78,51.65,30.72,56.44,58.44
146,35.26,69.22,40.29,71.66,70.0,80.46,54.05,30.63,59.33,41.01
147,38.58,71.31,39.68,72.99,67.39,78.73,54.3,29.99,60.65,42.23
148,41.83,68.35,45.9,69.35,67.37,77.43,55.06,32.22,63.21,56.1
149,46.83,72.6,50.19,69.37,71.34,78.01,55.08,31.3,62.82,41.51
150,50.06,78.21,59.24,65.37,68.99,80.29,55.85,32.89,63.5,48.95
151,51.35,76.62,60.16,68.06,66.38,76.03,54.19,33.66,64.94,31.22
152,56.06,76.0,66.02,63.34,66.28,80.77,54.02,29.68,67.39,38.35
153,61.99,75.2,66.09,62.07,60.3,77.19,54.24,31.9,66.29,58.18
154,66.88,75.87,66.35,62.74,66.03,78.56,56.85,34.16,71.71,57.9
155,70.92,77.31,74.08,64.51,62.13,80.39,51.77,35.78,71.37,48.55
156,66.82,75.51,69.02,63.95,62.68,79.12,52.57,35.8,74.25,51.54
157,75.28,79.8,70.33,63.65,63.5,80.2,50.52,36.27,76.61,49.41
158,72.98,76.84,68.22,62.67,63.09,79.75,49.95,34.64,77.38,46.22
159,78.46,77.32,68.46,65.51,62.91,80.63,48.87,34.3,77.71,44.81
160,76.75,79.86,65.35,62.13,68.1,33.28,48.14,34.69,24.19,54.5
161,76.09,76.62,68.94,67.68,76.69,31.34,48.11,35.65,21.52,50.45
162,80.98,77.5,58.95,65.75,78.41,33.63,45.05,35.31,23.21,63.44
163,77.88,75.42,55.45,64.88,71.92,35.72,45.67,36.13,26.64,47.23
164,80.9,84.25,53.18,61.26,69.72,31.24,45.54,37.01,26.15,51.8
165,74.08,85.79,48.1,58.12,65.14,34.89,47.22,39.16,27.89,60.76
166,76.95,82.25,49.59,60.11,59.95,36.66,44.81,38.56,28.0,57.25
167,76.77,86.28,44.93,63.64,53.14,35.01,45.02,38.92,30.0,48.42
168,72.87,77.19,44.4,62.76,51.76,36.0,46.67,40.91,35.01,51.3
169,72.52,88.5,39.6,65.15,53.7,33.68,45.46,37.79,34.0,47.65
170,67.36,85.33,45.02,63.84,59.17,34.8,48.75,41.31,36.43,46.34
171,66.2,86.15,41.95,62.52,57.35,35.56,49.72,43.62,36.22,41.42
172,63.33,87.19,51.52,64.5,52.62,36.05,48.0,40.82,36.79,62.19
173,57.34,84.14,56.1,65.03,45.57,37.82,49.3,42.19,40.17,42.88
174,54.17,82.19,58.89,63.7,49.15,30.51,50.17,40.0,40.89,27.79
175,49.05,85.4,58.6,61.92,52.22,34.12,52.58,44.02,45.32,51.35
176,48.14,82.68,65.19,63.3,52.01,36.24,48.51,40.12,43.95,70.19
177,41.21,88.59,67.38,67.5,50.35,32.26,52.24,45.17,45.65,60.42
178,38.34,86.47,70.45,66.1,55.78,33.26,52.57,43.29,47.73,54.66
179,38.45,84.28,72.09,66.34,54.23,36.51,51.94,42.1,48.27,33.02
180,30.77,93.38,79.27,66.32,45.0,37.52,51.58,43.84,50.5,27.58
181,29.9,86.31,74.84,67.51,48.71,31.54,52.05,44.85,53.55,56.68
182,29.36,89.34,76.41,68.53,53.67,34.6,52.17,44.9,53.82,52.78
183,25.25,91.12,73.03,69.72,50.21,33.98,50.82,40.57,53.45,64.96
184,22.11,85.32,70.52,76.0,52.94,34.9,50.03,46.86,56.33,24.28
185,21.15,86.77,68.24,71.9,52.25,37.9,54.64,45.48,58.44,51.21
186,22.25,88.72,68.92,75.46,48.82,35.47,51.16,48.91,57.04,46.95
187,18.49,90.96,65.34,70.74,46.65,34.23,49.57,49.24,60.34,78.8
188,20.43,87.29,57.94,73.31,48.09,34.47,51.11,48.63,61.63,52.3
189,23.08,93.17,51.22,73.11,61.73,34.7,47.07,46.52,65.29,54.58
190,20.44,94.69,47.99,71.84,70.28,36.44,49.36,52.37,64.51,49.26
191,25.66,91.12,52.59,73.36,71.69,36.84,50.27,49.46,66.21,40.54
192,26.04,96.35,48.95,73.95,69.22,30.56,44.02,50.57,71.73,54.08
193,25.22,92.9,49.71,68.75,69.92,34.31,47.69,45.71,70.85,50.63
194,27.78,92.92,40.92,71.34,74.71,38.06,46.98,49.06,70.1,45.18
195,31.29,90.6,45.24,70.76,71.18,32.1,46.12,48.43,74.43,64.24
196,37.34,94.25,53.22,70.98,66.49,36.37,47.95,50.24,75.01,31.58
197,39.53,92.99,56.91,70.24,63.31,31.54,47.67,49.91,74.0,46.64
198,44.95,96.16,52.72,68.34,61.35,33.74,47.83,53.99,76.33,68.44
199,46.19,93.16,59.61,66.93,63.38,31.57,45.97,53.8,81.34,47.85
