t,x1,x2,x3,x4,x5,y,split
5,28.37,24.92,34.14,34.41,37.99,38.83,train
6,24.92,34.14,34.41,37.99,38.83,35.36,train
7,34.14,34.41,37.99,38.83,35.36,41.91,train
8,34.41,37.99,38.83,35.36,41.91,38.88,train
9,37.99,38.83,35.36,41.91,38.88,39.78,train
10,38.83,35.36,41.91,38.88,39.78,34.4,train
11,35.36,41.91,38.88,39.78,34.4,39.63,train
12,41.91,38.88,39.78,34.4,39.63,33.93,train
13,38.88,39.78,34.4,39.63,33.93,25.84,train
14,39.78,34.4,39.63,33.93,25.84,27.01,train
15,34.4,39.63,33.93,25.84,27.01,16.49,train
16,39.63,33.93,25.84,27.01,16.49,18.75,train
17,33.93,25.84,27.01,16.49,18.75,14.04,train
18,25.84,27.01,16.49,18.75,14.04,12.5,train
19,27.01,16.49,18.75,14.04,12.5,9.73,train
20,16.49,18.75,14.04,12.5,9.73,15.35,train
21,18.75,14.04,12.5,9.73,15.35,14.84,train
22,14.04,12.5,9.73,15.35,14.84,23.1,train
23,12.5,9.73,15.35,14.84,23.1,22.69,train
24,9.73,15.35,14.84,23.1,22.69,20.77,train
25,15.35,14.84,23.1,22.69,20.77,36.17,train
26,14.84,23.1,22.69,20.77,36.17,40.97,train
27,23.1,22.69,20.77,36.17,40.97,32.72,train
28,22.69,20.77,36.17,40.97,32.72,41.71,train
29,20.77,36.17,40.97,32.72,41.71,43.69,train
30,36.17,40.97,32.72,41.71,43.69,49.16,train
31,40.97,32.72,41.71,43.69,49.16,54.16,train
32,32.72,41.71,43.69,49.16,54.16,49.08,train
33,41.71,43.69,49.16,54.16,49.08,41.56,train
34,43.69,49.16,54.16,49.08,41.56,38.16,train
35,49.16,54.16,49.08,41.56,38.16,41.45,train
36,54.16,49.08,41.56,38.16,41.45,40.8,train
37,49.08,41.56,38.16,41.45,40.8,38.0,train
38,41.56,38.16,41.45,40.8,38.0,30.51,train
39,38.16,41.45,40.8,38.0,30.51,26.6,train
40,41.45,40.8,38.0,30.51,26.6,20.4,train
41,40.8,38.0,30.51,26.6,20.4,23.4,train
42,38.0,30.51,26.6,20.4,23.4,16.23,train
43,30.51,26.6,20.4,23.4,16.23,18.05,train
44,26.6,20.4,23.4,16.23,18.05,20.4,train
45,20.4,23.4,16.23,18.05,20.4,22.26,train
46,23.4,16.23,18.05,20.4,22.26,23.57,train
47,16.23,18.05,20.4,22.26,23.57,27.77,train
48,18.05,20.4,22.26,23.57,27.77,25.4,train
49,20.4,22.26,23.57,27.77,25.4,29.99,train
50,22.26,23.57,27.77,25.4,29.99,38.97,train
51,23.57,27.77,25.4,29.99,38.97,36.58,train
52,27.77,25.4,29.99,38.97,36.58,44.14,train
53,25.4,29.99,38.97,36.58,44.14,43.87,train
54,29.99,38.97,36.58,44.14,43.87,48.29,train
55,38.97,36.58,44.14,43.87,48.29,52.19,train
56,36.58,44.14,43.87,48.29,52.19,49.28,train
57,44.14,43.87,48.29,52.19,49.28,54.85,train
58,43.87,48.29,52.19,49.28,54.85,45.96,train
59,48.29,52.19,49.28,54.85,45.96,49.79,train
60,52.19,49.28,54.85,45.96,49.79,44.86,train
61,49.28,54.85,45.96,49.79,44.86,47.07,train
62,54.85,45.96,49.79,44.86,47.07,39.4,train
63,45.96,49.79,44.86,47.07,39.4,32.33,train
64,49.79,44.86,47.07,39.4,32.33,31.83,train
65,44.86,47.07,39.4,32.33,31.83,27.63,train
66,47.07,39.4,32.33,31.83,27.63,26.27,train
67,39.4,32.33,31.83,27.63,26.27,27.31,train
68,32.33,31.83,27.63,26.27,27.31,16.49,train
69,31.83,27.63,26.27,27.31,16.49,22.64,train
70,27.63,26.27,27.31,16.49,22.64,27.57,train
71,26.27,27.31,16.49,22.64,27.57,31.01,train
72,27.31,16.49,22.64,27.57,31.01,29.83,train
73,16.49,22.64,27.57,31.01,29.83,37.32,train
74,22.64,27.57,31.01,29.83,37.32,38.23,train
75,27.57,31.01,29.83,37.32,38.23,36.92,train
76,31.01,29.83,37.32,38.23,36.92,47.37,train
77,29.83,37.32,38.23,36.92,47.37,50.78,train
78,37.32,38.23,36.92,47.37,50.78,49.34,train
79,38.23,36.92,47.37,50.78,49.34,51.59,train
80,36.92,47.37,50.78,49.34,51.59,57.25,train
81,47.37,50.78,49.34,51.59,57.25,54.04,train
82,50.78,49.34,51.59,57.25,54.04,58.94,train
83,49.34,51.59,57.25,54.04,58.94,51.29,train
84,51.59,57.25,54.04,58.94,51.29,51.98,train
85,57.25,54.04,58.94,51.29,51.98,48.82,train
86,54.04,58.94,51.29,51.98,48.82,44.62,train
87,58.94,51.29,51.98,48.82,44.62,40.81,train
88,51.29,51.98,48.82,44.62,40.81,43.93,train
89,51.98,48.82,44.62,40.81,43.93,39.84,train
90,48.82,44.62,40.81,43.93,39.84,31.7,train
91,44.62,40.81,43.93,39.84,31.7,34.4,train
92,40.81,43.93,39.84,31.7,34.4,34.22,train
93,43.93,39.84,31.7,34.4,34.22,32.85,train
94,39.84,31.7,34.4,34.22,32.85,31.8,train
95,31.7,34.4,34.22,32.85,31.8,28.12,train
96,34.4,34.22,32.85,31.8,28.12,35.77,train
97,34.22,32.85,31.8,28.12,35.77,35.83,train
98,32.85,31.8,28.12,35.77,35.83,39.38,train
99,31.8,28.12,35.77,35.83,39.38,44.8,train
100,28.12,35.77,35.83,39.38,44.8,43.19,train
101,35.77,35.83,39.38,44.8,43.19,48.79,train
102,35.83,39.38,44.8,43.19,48.79,51.56,train
103,39.38,44.8,43.19,48.79,51.56,56.02,train
104,44.8,43.19,48.79,51.56,56.02,62.48,train
105,43.19,48.79,51.56,56.02,62.48,61.04,train
106,48.79,51.56,56.02,62.48,61.04,59.72,train
107,51.56,56.02,62.48,61.04,59.72,55.13,train
108,56.02,62.48,61.04,59.72,55.13,62.0,train
109,62.48,61.04,59.72,55.13,62.0,59.09,train
110,61.04,59.72,55.13,62.0,59.09,55.88,train
111,59.72,55.13,62.0,59.09,55.88,57.19,train
112,55.13,62.0,59.09,55.88,57.19,47.34,train
113,62.0,59.09,55.88,57.19,47.34,51.2,train
114,59.09,55.88,57.19,47.34,51.2,40.46,train
115,55.88,57.19,47.34,51.2,40.46,36.53,train
116,57.19,47.34,51.2,40.46,36.53,38.32,train
117,47.34,51.2,40.46,36.53,38.32,42.09,train
118,51.2,40.46,36.53,38.32,42.09,26.94,train
119,40.46,36.53,38.32,42.09,26.94,39.45,train
120,36.53,38.32,42.09,26.94,39.45,35.41,train
121,38.32,42.09,26.94,39.45,35.41,33.49,train
122,42.09,26.94,39.45,35.41,33.49,36.5,train
123,26.94,39.45,35.41,33.49,36.5,37.46,train
124,39.45,35.41,33.49,36.5,37.46,43.06,train
125,35.41,33.49,36.5,37.46,43.06,49.41,train
126,33.49,36.5,37.46,43.06,49.41,56.45,train
127,36.5,37.46,43.06,49.41,56.45,64.45,train
128,37.46,43.06,49.41,56.45,64.45,59.9,train
129,43.06,49.41,56.45,64.45,59.9,65.65,train
130,49.41,56.45,64.45,59.9,65.65,62.14,train
131,56.45,64.45,59.9,65.65,62.14,71.86,train
132,64.45,59.9,65.65,62.14,71.86,71.75,train
133,59.9,65.65,62.14,71.86,71.75,64.42,train
134,65.65,62.14,71.86,71.75,64.42,64.52,train
135,62.14,71.86,71.75,64.42,64.52,62.06,train
136,71.86,71.75,64.42,64.52,62.06,56.26,train
137,71.75,64.42,64.52,62.06,56.26,54.85,train
138,64.42,64.52,62.06,56.26,54.85,50.1,train
139,64.52,62.06,56.26,54.85,50.1,51.6,train
140,62.06,56.26,54.85,50.1,51.6,37.33,train
141,56.26,54.85,50.1,51.6,37.33,44.34,test
142,54.85,50.1,51.6,37.33,44.34,36.83,test
143,50.1,51.6,37.33,44.34,36.83,39.12,test
144,51.6,37.33,44.34,36.83,39.12,36.45,test
145,37.33,44.34,36.83,39.12,36.45,40.02,test
146,44.34,36.83,39.12,36.45,40.02,40.29,test
147,36.83,39.12,36.45,40.02,40.29,39.68,test
148,39.12,36.45,40.02,40.29,39.68,45.9,test
149,36.45,40.02,40.29,39.68,45.9,50.19,test
150,40.02,40.29,39.68,45.9,50.19,59.24,test
151,40.29,39.68,45.9,50.19,59.24,60.16,test
152,39.68,45.9,50.19,59.24,60.16,66.02,test
153,45.9,50.19,59.24,60.16,66.02,66.09,test
154,50.19,59.24,60.16,66.02,66.09,66.35,test
155,59.24,60.16,66.02,66.09,66.35,74.08,test
156,60.16,66.02,66.09,66.35,74.08,69.02,test
157,66.02,66.09,66.35,74.08,69.02,70.33,test
158,66.09,66.35,74.08,69.02,70.33,68.22,test
159,66.35,74.08,69.02,70.33,68.22,68.46,test
160,74.08,69.02,70.33,68.22,68.46,65.35,test
161,69.02,70.33,68.22,68.46,65.35,68.94,test
162,70.33,68.22,68.46,65.35,68.94,58.95,test
163,68.22,68.46,65.35,68.94,58.95,55.45,test
164,68.46,65.35,68.94,58.95,55.45,53.18,test
165,65.35,68.94,58.95,55.45,53.18,48.1,test
166,68.94,58.95,55.45,53.18,48.1,49.59,test
167,58.95,55.45,53.18,48.1,49.59,44.93,test
168,55.45,53.18,48.1,49.59,44.93,44.4,test
169,53.18,48.1,49.59,44.93,44.4,39.6,test
170,48.1,49.59,44.93,44.4,39.6,45.02,test
171,49.59,44.93,44.4,39.6,45.02,41.95,test
172,44.93,44.4,39.6,45.02,41.95,51.52,test
173,44.4,39.6,45.02,41.95,51.52,56.1,test
174,39.6,45.02,41.95,51.52,56.1,58.89,test
175,45.02,41.95,51.52,56.1,58.89,58.6,test
176,41.95,51.52,56.1,58.89,58.6,65.19,test
177,51.52,56.1,58.89,58.6,65.19,67.38,test
178,56.1,58.89,58.6,65.19,67.38,70.45,test
179,58.89,58.6,65.19,67.38,70.45,72.09,test
180,58.6,65.19,67.38,70.45,72.09,79.27,test
181,65.19,67.38,70.45,72.09,79.27,74.84,test
182,67.38,70.45,72.09,79.27,74.84,76.41,test
183,70.45,72.09,79.27,74.84,76.41,73.03,test
184,72.09,79.27,74.84,76.41,73.03,70.52,test
185,79.27,74.84,76.41,73.03,70.52,68.24,test
186,74.84,76.41,73.03,70.52,68.24,68.92,test
187,76.41,73.03,70.52,68.24,68.92,65.34,test
188,73.03,70.52,68.24,68.92,65.34,57.94,test
189,70.52,68.24,68.92,65.34,57.94,51.22,test
190,68.24,68.92,65.34,57.94,51.22,47.99,test
191,68.92,65.34,57.94,51.22,47.99,52.59,test
192,65.34,57.94,51.22,47.99,52.59,48.95,test
193,57.94,51.22,47.99,52.59,48.95,49.71,test
194,51.22,47.99,52.59,48.95,49.71,40.92,test
195,47.99,52.59,48.95,49.71,40.92,45.24,test
196,52.59,48.95,49.71,40.92,45.24,53.22,test
197,48.95,49.71,40.92,45.24,53.22,56.91,test
198,49.71,40.92,45.24,53.22,56.91,52.72,test
199,40.92,45.24,53.22,56.91,52.72,59.61,test
