machine_id,actual_rul,predicted_unbiased,predicted_pessimistic,predicted_optimistic
1,281.81,278.97,233.04,343.22
2,395.81,406.49,363.11,420.3
3,129.19,148.35,96.4,146.81
4,29.24,37.67,16.51,47.38
5,35.79,28.48,54.28,41.47
6,164.44,176.69,118.72,153.01
7,210.66,237.37,204.99,226.28
8,136.76,162.16,117.49,145.99
9,310.31,334.3,290.38,338.06
10,161.18,144.3,177.75,176.08
11,198.48,185.82,146.89,228.82
12,73.96,82.33,71.42,20.31
13,341.71,313.15,327.88,370.79
14,215.19,206.95,196.23,238.36
15,183.34,178.52,178.19,215.51
16,226.29,212.97,169.59,258.22
17,49.25,71.18,43.07,31.82
18,117.58,98.86,127.4,139.27
19,62.26,81.08,54.55,74.33
20,364.25,343.44,320.28,402.6
21,35.32,22.22,25.06,10.31
22,50.89,86.08,40.72,78.07
23,133.0,114.36,150.62,156.02
24,310.89,337.44,302.56,331.42
25,161.1,189.04,139.53,179.27
26,104.58,74.62,84.37,102.6
27,374.3,397.23,331.23,374.39
28,382.12,375.28,351.33,402.74
29,363.08,343.74,359.47,413.61
30,39.9,24.12,30.06,40.9
31,180.7,148.49,139.47,179.49
32,189.23,166.67,205.24,210.73
33,230.81,251.24,227.94,234.99
34,110.14,134.22,122.6,113.42
35,113.58,106.53,93.74,77.98
36,311.58,303.98,278.84,355.97
37,132.12,136.19,92.31,139.34
38,205.63,204.96,178.24,189.74
39,138.39,162.19,104.47,154.92
40,274.23,278.47,240.51,302.62
41,269.67,248.45,266.55,295.5
42,166.53,144.23,180.16,200.01
43,175.25,179.1,163.86,199.78
44,74.15,57.08,81.13,60.07
45,342.91,319.12,319.88,374.48
46,154.55,161.34,134.31,165.4
47,268.07,273.14,210.15,292.02
48,327.87,316.65,286.91,380.75
49,177.34,202.51,157.06,154.58
50,226.21,250.47,208.58,257.87
51,370.25,349.86,346.9,412.56
52,117.62,88.56,94.21,141.74
53,271.87,292.1,227.76,306.08
54,298.85,295.11,259.49,357.58
55,340.75,343.57,284.33,390.5
56,108.54,94.01,72.38,116.67
57,81.99,96.08,86.46,57.11
58,76.53,81.53,76.71,81.67
59,248.14,250.37,218.84,294.87
60,373.95,366.47,356.81,395.16
61,290.37,293.54,284.81,311.93
62,48.84,48.08,18.54,75.61
63,61.48,55.96,51.53,71.18
64,212.6,216.98,192.82,206.91
65,89.06,103.13,85.16,55.01
66,262.76,277.98,228.39,270.06
67,219.96,217.2,209.56,215.3
68,39.17,64.07,59.65,29.34
69,308.28,318.87,276.89,344.9
70,236.82,219.48,191.72,266.13
71,242.63,209.5,232.47,251.1
72,38.62,49.69,56.11,15.72
73,286.91,294.24,298.85,334.24
74,215.28,207.28,180.43,242.11
75,218.84,233.21,209.86,250.57
76,28.75,21.24,58.62,35.82
77,258.85,248.89,252.57,281.3
78,152.75,145.93,146.21,132.21
79,190.53,196.73,183.71,195.06
80,47.93,67.02,21.02,38.38
81,231.46,262.5,221.67,279.35
82,388.33,414.92,343.46,426.34
83,193.5,209.42,169.39,214.32
84,49.11,88.79,57.72,53.56
85,118.28,107.4,117.79,84.67
86,163.55,160.21,152.05,153.18
87,22.27,20.21,62.97,4.07
88,261.05,240.33,215.04,289.88
89,172.85,172.5,162.8,158.09
90,343.5,389.6,299.41,377.83
91,363.47,379.81,376.0,395.69
92,48.0,76.91,68.11,80.38
93,291.48,298.65,268.65,332.85
94,36.39,72.25,41.34,58.02
95,302.71,328.44,310.39,332.6
96,223.59,211.07,197.91,263.81
97,290.49,304.63,277.3,313.71
98,219.92,226.99,171.22,235.64
99,32.77,42.23,10.24,25.91
100,130.43,141.89,129.3,151.12
101,375.72,352.66,326.3,415.36
102,307.63,316.82,234.58,371.92
103,237.28,243.14,224.24,293.8
104,249.0,272.34,229.26,273.63
105,215.43,208.48,193.03,214.87
106,396.0,379.86,393.44,446.28
107,329.26,328.62,280.81,344.63
108,49.02,39.61,79.76,64.09
109,300.51,299.21,296.27,335.57
110,334.1,344.2,329.85,394.25
111,67.78,91.04,82.59,92.6
112,21.9,28.57,0,42.42
113,89.67,102.15,95.72,121.8
114,129.51,136.44,125.23,108.02
115,390.31,368.3,372.35,423.5
116,81.93,65.88,45.3,98.91
117,155.96,163.81,144.81,168.1
118,168.42,188.24,139.69,199.56
119,295.77,257.91,258.24,312.37
120,262.1,257.88,207.03,294.74
121,301.84,316.02,278.43,340.01
122,255.56,258.84,229.22,301.22
123,76.07,67.39,77.22,118.12
124,138.29,131.91,160.59,186.51
125,265.68,277.85,229.86,268.2
126,312.81,315.21,315.24,359.58
127,234.36,236.95,142.85,260.41
128,50.07,66.4,36.75,55.46
129,205.39,189.72,190.05,260.03
130,309.06,301.04,263.5,320.87
131,152.26,160.52,158.27,165.75
132,291.01,276.31,253.12,309.34
133,370.45,357.91,296.4,399.5
134,237.98,220.11,233.7,261.57
135,285.21,268.67,282.3,285.64
136,96.15,91.86,81.69,130.39
137,83.2,88.23,103.41,97.76
138,190.03,206.8,166.96,217.56
139,59.2,77.39,80.74,82.86
140,155.93,163.61,129.4,185.83
141,264.38,248.71,224.51,289.1
142,169.24,145.37,180.64,196.64
143,66.98,72.17,52.3,87.62
144,71.46,72.61,98.04,15.83
145,20.91,20.76,0,9.76
146,241.85,229.28,221.13,287.95
147,291.74,283.46,262.14,311.2
148,352.16,359.86,344.17,384.2
149,277.48,292.55,242.45,312.22
150,69.53,74.08,78.82,64.19
151,277.96,302.72,277.88,303.35
152,356.79,374.87,320.07,386.45
153,366.68,353.96,322.75,400.82
154,141.34,146.04,92.84,141.37
155,382.3,361.06,339.31,428.8
156,321.5,302.86,306.84,325.52
157,226.43,239.81,216.72,246.96
158,365.59,346.36,282.35,395.38
159,214.51,232.71,219.13,220.95
160,116.84,120.6,117.09,139.27
161,246.98,241.62,232.39,243.73
162,383.69,375.65,364.82,398.23
163,72.63,87.68,87.7,48.92
164,266.61,237.28,223.9,283.62
165,225.77,219.11,216.29,250.41
166,70.85,117.63,52.59,96.63
167,377.63,343.29,373.32,398.38
168,121.66,131.63,93.89,121.27
169,32.89,41.17,18.11,11.33
170,297.48,271.53,305.82,361.66
171,247.49,252.58,211.0,259.89
172,324.63,311.3,286.57,363.79
173,63.69,10.46,73.51,76.49
174,101.61,66.26,72.91,106.42
175,251.52,277.66,244.56,289.01
176,140.59,126.87,107.71,152.35
177,227.47,233.75,186.58,220.17
178,209.9,192.54,174.04,248.07
179,292.96,281.82,282.94,340.33
180,210.81,156.35,172.87,231.69
181,308.83,311.78,259.2,341.27
182,181.7,154.3,156.79,197.67
183,39.88,8.03,24.85,48.94
184,394.0,385.94,347.06,461.91
185,109.78,98.68,96.08,108.66
186,125.12,161.07,145.65,138.64
187,265.96,283.19,219.81,303.17
188,157.91,164.18,110.65,190.67
189,66.05,84.96,58.61,93.37
190,45.87,56.74,63.09,31.69
191,390.11,393.61,388.17,417.05
192,377.28,393.75,364.36,378.43
193,60.58,25.15,47.05,62.1
194,207.89,186.32,158.88,211.58
195,335.93,355.76,309.23,382.58
196,258.3,256.73,211.92,301.28
197,66.88,44.07,88.5,76.11
198,200.52,194.68,160.5,219.45
199,224.66,252.99,206.68,255.44
200,397.67,392.87,356.17,412.71
