pattern,t,health_true,health_sensor,failure_time
linear,0,100,100,211
linear,1,99.53,100,211
linear,2,99.05,96.74,211
linear,3,98.58,100,211
linear,4,98.1,100,211
linear,5,97.63,95.79,211
linear,6,97.16,98.84,211
linear,7,96.68,95.77,211
linear,8,96.21,98.35,211
linear,9,95.73,97.36,211
linear,10,95.26,95.93,211
linear,11,94.79,91.83,211
linear,12,94.31,91.34,211
linear,13,93.84,95.38,211
linear,14,93.36,91.1,211
linear,15,92.89,92.37,211
linear,16,92.42,91.72,211
linear,17,91.94,95.76,211
linear,18,91.47,94.09,211
linear,19,91.0,89.0,211
linear,20,90.52,93.22,211
linear,21,90.05,92.62,211
linear,22,89.57,92.36,211
linear,23,89.1,88.2,211
linear,24,88.63,87.69,211
linear,25,88.15,88.33,211
linear,26,87.68,91.14,211
linear,27,87.2,88.88,211
linear,28,86.73,88.16,211
linear,29,86.26,90.7,211
linear,30,85.78,89.57,211
linear,31,85.31,84.74,211
linear,32,84.83,83.7,211
linear,33,84.36,85.74,211
linear,34,83.89,80.32,211
linear,35,83.41,82.57,211
linear,36,82.94,81.94,211
linear,37,82.46,82.23,211
linear,38,81.99,81.16,211
linear,39,81.52,77.79,211
linear,40,81.04,85.8,211
linear,41,80.57,78.1,211
linear,42,80.09,79.44,211
linear,43,79.62,79.93,211
linear,44,79.15,80.5,211
linear,45,78.67,78.6,211
linear,46,78.2,77.29,211
linear,47,77.73,79.06,211
linear,48,77.25,82.11,211
linear,49,76.78,79.8,211
linear,50,76.3,76.49,211
linear,51,75.83,74.84,211
linear,52,75.36,71.85,211
linear,53,74.88,78.06,211
linear,54,74.41,74.67,211
linear,55,73.93,74.32,211
linear,56,73.46,74.49,211
linear,57,72.99,74.97,211
linear,58,72.51,74.24,211
linear,59,72.04,71.22,211
linear,60,71.56,70.26,211
linear,61,71.09,71.93,211
linear,62,70.62,71.73,211
linear,63,70.14,71.77,211
linear,64,69.67,71.6,211
linear,65,69.19,69.11,211
linear,66,68.72,68.0,211
linear,67,68.25,70.84,211
linear,68,67.77,70.36,211
linear,69,67.3,66.02,211
linear,70,66.82,65.79,211
linear,71,66.35,67.29,211
linear,72,65.88,65.87,211
linear,73,65.4,65.37,211
linear,74,64.93,65.04,211
linear,75,64.45,64.81,211
linear,76,63.98,64.46,211
linear,77,63.51,65.14,211
linear,78,63.03,60.56,211
linear,79,62.56,58.58,211
linear,80,62.09,62.93,211
linear,81,61.61,61.21,211
linear,82,61.14,59.23,211
linear,83,60.66,62.31,211
linear,84,60.19,60.68,211
linear,85,59.72,55.97,211
linear,86,59.24,56.99,211
linear,87,58.77,54.21,211
linear,88,58.29,59.64,211
linear,89,57.82,56.58,211
linear,90,57.35,56.26,211
linear,91,56.87,59.07,211
linear,92,56.4,59.23,211
linear,93,55.92,52.35,211
linear,94,55.45,56.34,211
linear,95,54.98,54.31,211
linear,96,54.5,54.57,211
linear,97,54.03,55.9,211
linear,98,53.55,51.61,211
linear,99,53.08,51.19,211
linear,100,52.61,54.48,211
linear,101,52.13,51.6,211
linear,102,51.66,52.38,211
linear,103,51.18,51.4,211
linear,104,50.71,52.4,211
linear,105,50.24,51.97,211
linear,106,49.76,46.89,211
linear,107,49.29,49.65,211
linear,108,48.82,51.73,211
linear,109,48.34,50.54,211
linear,110,47.87,49.14,211
linear,111,47.39,51.12,211
linear,112,46.92,48.63,211
linear,113,46.45,49.49,211
linear,114,45.97,46.94,211
linear,115,45.5,41.94,211
linear,116,45.02,45.03,211
linear,117,44.55,40.99,211
linear,118,44.08,41.53,211
linear,119,43.6,44.19,211
linear,120,43.13,40.95,211
linear,121,42.65,44.16,211
linear,122,42.18,41.87,211
linear,123,41.71,40.03,211
linear,124,41.23,39.97,211
linear,125,40.76,41.65,211
linear,126,40.28,38.84,211
linear,127,39.81,37.3,211
linear,128,39.34,42.27,211
linear,129,38.86,39.8,211
linear,130,38.39,38.89,211
linear,131,37.91,38.15,211
linear,132,37.44,36.58,211
linear,133,36.97,34.53,211
linear,134,36.49,38.67,211
linear,135,36.02,34.34,211
linear,136,35.55,35.91,211
linear,137,35.07,32.81,211
linear,138,34.6,31.93,211
linear,139,34.12,35.39,211
linear,140,33.65,35.62,211
linear,141,33.18,36.04,211
linear,142,32.7,33.12,211
linear,143,32.23,30.67,211
linear,144,31.75,31.71,211
linear,145,31.28,35.74,211
linear,146,30.81,28.59,211
linear,147,30.33,27.74,211
linear,148,29.86,27.61,211
linear,149,29.38,28.05,211
linear,150,28.91,35.2,211
linear,151,28.44,31.49,211
linear,152,27.96,29.73,211
linear,153,27.49,27.53,211
linear,154,27.01,27.19,211
linear,155,26.54,25.66,211
linear,156,26.07,24.51,211
linear,157,25.59,22.42,211
linear,158,25.12,25.63,211
linear,159,24.64,21.93,211
linear,160,24.17,26.35,211
linear,161,23.7,25.69,211
linear,162,23.22,23.68,211
linear,163,22.75,20.73,211
linear,164,22.27,22.17,211
linear,165,21.8,19.89,211
linear,166,21.33,19.31,211
linear,167,20.85,21.13,211
linear,168,20.38,17.11,211
linear,169,19.91,23.28,211
linear,170,19.43,20.11,211
linear,171,18.96,18.98,211
linear,172,18.48,12.68,211
linear,173,18.01,16.93,211
linear,174,17.54,18.58,211
linear,175,17.06,18.19,211
linear,176,16.59,12.93,211
linear,177,16.11,18.62,211
linear,178,15.64,18.2,211
linear,179,15.17,17.0,211
linear,180,14.69,13.53,211
linear,181,14.22,17.25,211
linear,182,13.74,15.85,211
linear,183,13.27,9.66,211
linear,184,12.8,13.25,211
linear,185,12.32,13.71,211
linear,186,11.85,9.17,211
linear,187,11.37,11.8,211
linear,188,10.9,11.67,211
linear,189,10.43,11.97,211
linear,190,9.95,10.43,211
linear,191,9.48,9.25,211
linear,192,9.0,7.4,211
linear,193,8.53,5.46,211
linear,194,8.06,5.49,211
linear,195,7.58,5.8,211
linear,196,7.11,6.9,211
linear,197,6.64,8.24,211
linear,198,6.16,4.85,211
linear,199,5.69,5.23,211
linear,200,5.21,3.33,211
linear,201,4.74,7.06,211
linear,202,4.27,3.93,211
linear,203,3.79,3.47,211
linear,204,3.32,7.39,211
linear,205,2.84,3.52,211
linear,206,2.37,0.8,211
linear,207,1.9,0.5,211
linear,208,1.42,0.98,211
linear,209,0.95,0,211
linear,210,0.47,0,211
linear,211,0,0.88,211
linear,212,0,0,211
linear,213,0,0.97,211
linear,214,0,2.49,211
linear,215,0,0,211
linear,216,0,0,211
linear,217,0,1.26,211
linear,218,0,0.21,211
linear,219,0,0,211
linear,220,0,0,211
linear,221,0,1.55,211
linear,222,0,0,211
linear,223,0,0.58,211
linear,224,0,0,211
linear,225,0,1.69,211
linear,226,0,4.2,211
linear,227,0,0.85,211
linear,228,0,0,211
linear,229,0,0,211
linear,230,0,0,211
linear,231,0,0,211
linear,232,0,0.96,211
linear,233,0,0,211
linear,234,0,2.28,211
linear,235,0,0.11,211
linear,236,0,0,211
linear,237,0,0,211
linear,238,0,0.68,211
linear,239,0,0,211
linear,240,0,0,211
linear,241,0,1.51,211
linear,242,0,3.08,211
linear,243,0,1.35,211
linear,244,0,0,211
linear,245,0,1.54,211
linear,246,0,1.91,211
linear,247,0,1.38,211
linear,248,0,2.94,211
linear,249,0,0,211
linear,250,0,0,211
linear,251,0,4.07,211
linear,252,0,0.38,211
linear,253,0,0.85,211
linear,254,0,3.11,211
linear,255,0,0,211
linear,256,0,0,211
linear,257,0,1.83,211
linear,258,0,2.93,211
linear,259,0,2.53,211
linear,260,0,0,211
linear,261,0,0,211
linear,262,0,0.47,211
linear,263,0,1.66,211
linear,264,0,0,211
linear,265,0,0,211
linear,266,0,0,211
linear,267,0,1.19,211
linear,268,0,0,211
linear,269,0,1.26,211
linear,270,0,2.45,211
linear,271,0,0,211
linear,272,0,0,211
linear,273,0,0,211
linear,274,0,2.83,211
linear,275,0,2.18,211
linear,276,0,1.38,211
linear,277,0,2.7,211
linear,278,0,0,211
linear,279,0,0,211
linear,280,0,0,211
linear,281,0,0,211
linear,282,0,0,211
linear,283,0,0,211
linear,284,0,0,211
linear,285,0,0,211
linear,286,0,1.75,211
linear,287,0,0,211
linear,288,0,0,211
linear,289,0,0,211
linear,290,0,0.41,211
linear,291,0,0,211
linear,292,0,1.79,211
linear,293,0,1.22,211
linear,294,0,1.03,211
linear,295,0,3.16,211
linear,296,0,0,211
linear,297,0,0,211
linear,298,0,1.43,211
linear,299,0,0,211
accelerating,0,100,98.73,222
accelerating,1,99.93,99.45,222
accelerating,2,99.86,99.85,222
accelerating,3,99.78,99.23,222
accelerating,4,99.71,100,222
accelerating,5,99.63,100,222
accelerating,6,99.56,97.3,222
accelerating,7,99.48,99.39,222
accelerating,8,99.4,98.51,222
accelerating,9,99.32,100,222
accelerating,10,99.24,97.01,222
accelerating,11,99.16,100,222
accelerating,12,99.08,99.81,222
accelerating,13,98.99,97.0,222
accelerating,14,98.91,99.77,222
accelerating,15,98.82,96.27,222
accelerating,16,98.74,97.48,222
accelerating,17,98.65,97.94,222
accelerating,18,98.56,97.2,222
accelerating,19,98.47,95.0,222
accelerating,20,98.37,98.04,222
accelerating,21,98.28,96.3,222
accelerating,22,98.19,99.31,222
accelerating,23,98.09,100,222
accelerating,24,97.99,98.91,222
accelerating,25,97.89,100,222
accelerating,26,97.79,99.3,222
accelerating,27,97.69,99.04,222
accelerating,28,97.59,99.39,222
accelerating,29,97.49,96.39,222
accelerating,30,97.38,95.9,222
accelerating,31,97.27,100,222
accelerating,32,97.17,96.16,222
accelerating,33,97.06,98.42,222
accelerating,34,96.94,98.35,222
accelerating,35,96.83,98.88,222
accelerating,36,96.72,96.59,222
accelerating,37,96.6,98.45,222
accelerating,38,96.48,93.94,222
accelerating,39,96.36,96.78,222
accelerating,40,96.24,98.71,222
accelerating,41,96.12,93.63,222
accelerating,42,96.0,97.34,222
accelerating,43,95.87,97.8,222
accelerating,44,95.74,94.46,222
accelerating,45,95.61,98.76,222
accelerating,46,95.48,97.22,222
accelerating,47,95.35,98.83,222
accelerating,48,95.22,95.31,222
accelerating,49,95.08,95.89,222
accelerating,50,94.94,91.17,222
accelerating,51,94.8,95.28,222
accelerating,52,94.66,95.99,222
accelerating,53,94.52,93.57,222
accelerating,54,94.37,96.05,222
accelerating,55,94.22,94.12,222
accelerating,56,94.07,95.98,222
accelerating,57,93.92,92.71,222
accelerating,58,93.77,89.87,222
accelerating,59,93.61,93.75,222
accelerating,60,93.45,90.61,222
accelerating,61,93.29,94.5,222
accelerating,62,93.13,93.16,222
accelerating,63,92.96,93.97,222
accelerating,64,92.8,91.97,222
accelerating,65,92.63,94.9,222
accelerating,66,92.46,94.15,222
accelerating,67,92.28,91.43,222
accelerating,68,92.11,93.68,222
accelerating,69,91.93,87.59,222
accelerating,70,91.75,94.33,222
accelerating,71,91.56,89.19,222
accelerating,72,91.38,92.47,222
accelerating,73,91.19,90.1,222
accelerating,74,91.0,93.98,222
accelerating,75,90.8,89.8,222
accelerating,76,90.61,93.68,222
accelerating,77,90.41,89.24,222
accelerating,78,90.21,90.63,222
accelerating,79,90.0,85.37,222
accelerating,80,89.79,88.54,222
accelerating,81,89.58,94.81,222
accelerating,82,89.37,88.54,222
accelerating,83,89.15,90.26,222
accelerating,84,88.94,89.84,222
accelerating,85,88.71,89.93,222
accelerating,86,88.49,86.22,222
accelerating,87,88.26,87.04,222
accelerating,88,88.03,89.5,222
accelerating,89,87.8,90.49,222
accelerating,90,87.56,85.54,222
accelerating,91,87.32,88.94,222
accelerating,92,87.07,86.8,222
accelerating,93,86.83,85.21,222
accelerating,94,86.58,87.08,222
accelerating,95,86.32,87.43,222
accelerating,96,86.07,85.98,222
accelerating,97,85.81,83.95,222
accelerating,98,85.54,84.98,222
accelerating,99,85.27,85.75,222
accelerating,100,85.0,81.33,222
accelerating,101,84.73,85.95,222
accelerating,102,84.45,83.17,222
accelerating,103,84.16,81.94,222
accelerating,104,83.88,84.09,222
accelerating,105,83.59,86.29,222
accelerating,106,83.29,82.92,222
accelerating,107,82.99,76.82,222
accelerating,108,82.69,81.68,222
accelerating,109,82.38,82.62,222
accelerating,110,82.07,81.02,222
accelerating,111,81.76,83.9,222
accelerating,112,81.44,81.91,222
accelerating,113,81.11,81.29,222
accelerating,114,80.79,83.28,222
accelerating,115,80.45,79.9,222
accelerating,116,80.12,80.8,222
accelerating,117,79.77,83.02,222
accelerating,118,79.43,77.57,222
accelerating,119,79.08,79.89,222
accelerating,120,78.72,77.24,222
accelerating,121,78.36,79.82,222
accelerating,122,77.99,78.27,222
accelerating,123,77.62,77.93,222
accelerating,124,77.25,77.49,222
accelerating,125,76.87,77.54,222
accelerating,126,76.48,75.77,222
accelerating,127,76.09,73.91,222
accelerating,128,75.69,78.63,222
accelerating,129,75.29,77.26,222
accelerating,130,74.88,74.46,222
accelerating,131,74.47,73.16,222
accelerating,132,74.05,72.83,222
accelerating,133,73.63,74.91,222
accelerating,134,73.2,73.35,222
accelerating,135,72.76,72.86,222
accelerating,136,72.32,68.87,222
accelerating,137,71.87,73.4,222
accelerating,138,71.42,70.73,222
accelerating,139,70.96,74.32,222
accelerating,140,70.49,71.52,222
accelerating,141,70.02,69.66,222
accelerating,142,69.54,69.75,222
accelerating,143,69.05,67.41,222
accelerating,144,68.56,66.63,222
accelerating,145,68.06,68.07,222
accelerating,146,67.56,67.22,222
accelerating,147,67.04,66.33,222
accelerating,148,66.52,64.22,222
accelerating,149,66.0,65.31,222
accelerating,150,65.46,66.82,222
accelerating,151,64.92,67.18,222
accelerating,152,64.37,66.53,222
accelerating,153,63.82,63.58,222
accelerating,154,63.25,65.2,222
accelerating,155,62.68,62.86,222
accelerating,156,62.1,61.83,222
accelerating,157,61.52,65.81,222
accelerating,158,60.92,59.95,222
accelerating,159,60.32,58.68,222
accelerating,160,59.71,60.08,222
accelerating,161,59.09,61.81,222
accelerating,162,58.46,59.35,222
accelerating,163,57.82,59.36,222
accelerating,164,57.18,60.64,222
accelerating,165,56.53,55.46,222
accelerating,166,55.86,55.75,222
accelerating,167,55.19,52.95,222
accelerating,168,54.51,57.18,222
accelerating,169,53.82,59.51,222
accelerating,170,53.12,56.57,222
accelerating,171,52.41,52.48,222
accelerating,172,51.69,55.08,222
accelerating,173,50.96,52.58,222
accelerating,174,50.23,49.46,222
accelerating,175,49.48,52.26,222
accelerating,176,48.72,48.87,222
accelerating,177,47.95,43.87,222
accelerating,178,47.17,48.0,222
accelerating,179,46.38,47.14,222
accelerating,180,45.58,43.11,222
accelerating,181,44.77,40.45,222
accelerating,182,43.94,43.92,222
accelerating,183,43.11,38.64,222
accelerating,184,42.27,46.1,222
accelerating,185,41.41,41.42,222
accelerating,186,40.54,39.0,222
accelerating,187,39.66,44.0,222
accelerating,188,38.77,40.03,222
accelerating,189,37.86,36.29,222
accelerating,190,36.95,31.7,222
accelerating,191,36.02,32.55,222
accelerating,192,35.08,34.5,222
accelerating,193,34.12,32.46,222
accelerating,194,33.15,32.72,222
accelerating,195,32.17,30.16,222
accelerating,196,31.18,32.05,222
accelerating,197,30.17,31.85,222
accelerating,198,29.15,28.01,222
accelerating,199,28.11,31.76,222
accelerating,200,27.07,29.67,222
accelerating,201,26.0,26.0,222
accelerating,202,24.92,23.95,222
accelerating,203,23.83,22.74,222
accelerating,204,22.72,23.45,222
accelerating,205,21.6,21.87,222
accelerating,206,20.46,18.35,222
accelerating,207,19.31,18.1,222
accelerating,208,18.14,18.32,222
accelerating,209,16.96,19.76,222
accelerating,210,15.75,15.2,222
accelerating,211,14.54,13.46,222
accelerating,212,13.3,13.12,222
accelerating,213,12.05,11.83,222
accelerating,214,10.78,9.69,222
accelerating,215,9.5,10.51,222
accelerating,216,8.2,9.65,222
accelerating,217,6.88,4.75,222
accelerating,218,5.54,2.64,222
accelerating,219,4.18,1.9,222
accelerating,220,2.81,2.01,222
accelerating,221,1.41,0,222
accelerating,222,0,0,222
accelerating,223,0,0,222
accelerating,224,0,0,222
accelerating,225,0,2.15,222
accelerating,226,0,2.31,222
accelerating,227,0,4.36,222
accelerating,228,0,2.76,222
accelerating,229,0,0,222
accelerating,230,0,0,222
accelerating,231,0,0,222
accelerating,232,0,2.33,222
accelerating,233,0,0,222
accelerating,234,0,1.88,222
accelerating,235,0,0,222
accelerating,236,0,0,222
accelerating,237,0,0.39,222
accelerating,238,0,0,222
accelerating,239,0,0,222
accelerating,240,0,0,222
accelerating,241,0,0,222
accelerating,242,0,0.41,222
accelerating,243,0,0,222
accelerating,244,0,0,222
accelerating,245,0,0,222
accelerating,246,0,1.61,222
accelerating,247,0,0.84,222
accelerating,248,0,2.64,222
accelerating,249,0,0.58,222
accelerating,250,0,0,222
accelerating,251,0,0,222
accelerating,252,0,2.19,222
accelerating,253,0,0,222
accelerating,254,0,0,222
accelerating,255,0,1.48,222
accelerating,256,0,0,222
accelerating,257,0,2.89,222
accelerating,258,0,2.08,222
accelerating,259,0,0.92,222
accelerating,260,0,0,222
accelerating,261,0,0,222
accelerating,262,0,0,222
accelerating,263,0,0.35,222
accelerating,264,0,0.6,222
accelerating,265,0,0,222
accelerating,266,0,0.89,222
accelerating,267,0,0.38,222
accelerating,268,0,3.0,222
accelerating,269,0,1.2,222
accelerating,270,0,3.14,222
accelerating,271,0,1.37,222
accelerating,272,0,0,222
accelerating,273,0,0,222
accelerating,274,0,0,222
accelerating,275,0,0.6,222
accelerating,276,0,0.03,222
accelerating,277,0,0,222
accelerating,278,0,0.45,222
accelerating,279,0,2.13,222
accelerating,280,0,0,222
accelerating,281,0,0,222
accelerating,282,0,0,222
accelerating,283,0,0,222
accelerating,284,0,2.56,222
accelerating,285,0,0,222
accelerating,286,0,0,222
accelerating,287,0,0,222
accelerating,288,0,0,222
accelerating,289,0,0,222
accelerating,290,0,0.64,222
accelerating,291,0,0,222
accelerating,292,0,0.4,222
accelerating,293,0,1.89,222
accelerating,294,0,1.06,222
accelerating,295,0,0,222
accelerating,296,0,2.94,222
accelerating,297,0,1.99,222
accelerating,298,0,0,222
accelerating,299,0,3.28,222
fast_early,0,100,100,207
fast_early,1,95.92,98.85,207
fast_early,2,93.82,97.3,207
fast_early,3,92.12,92.49,207
fast_early,4,90.63,93.71,207
fast_early,5,89.29,88.96,207
fast_early,6,88.05,87.83,207
fast_early,7,86.89,87.97,207
fast_early,8,85.8,85.2,207
fast_early,9,84.76,88.34,207
fast_early,10,83.77,85.02,207
fast_early,11,82.81,82.55,207
fast_early,12,81.89,83.39,207
fast_early,13,81.0,78.58,207
fast_early,14,80.13,77.93,207
fast_early,15,79.3,80.41,207
fast_early,16,78.48,75.54,207
fast_early,17,77.68,81.76,207
fast_early,18,76.9,79.12,207
fast_early,19,76.14,73.81,207
fast_early,20,75.39,78.25,207
fast_early,21,74.66,75.35,207
fast_early,22,73.95,74.2,207
fast_early,23,73.24,74.27,207
fast_early,24,72.55,70.39,207
fast_early,25,71.87,71.98,207
fast_early,26,71.2,70.87,207
fast_early,27,70.54,70.96,207
fast_early,28,69.89,74.3,207
fast_early,29,69.25,71.88,207
fast_early,30,68.62,70.88,207
fast_early,31,67.99,68.98,207
fast_early,32,67.38,70.54,207
fast_early,33,66.77,64.79,207
fast_early,34,66.17,65.89,207
fast_early,35,65.58,69.15,207
fast_early,36,64.99,66.46,207
fast_early,37,64.41,62.74,207
fast_early,38,63.84,67.24,207
fast_early,39,63.27,61.85,207
fast_early,40,62.7,63.45,207
fast_early,41,62.15,61.39,207
fast_early,42,61.6,63.65,207
fast_early,43,61.05,64.07,207
fast_early,44,60.51,58.03,207
fast_early,45,59.97,58.95,207
fast_early,46,59.44,59.88,207
fast_early,47,58.92,59.72,207
fast_early,48,58.39,57.62,207
fast_early,49,57.88,57.59,207
fast_early,50,57.36,56.46,207
fast_early,51,56.85,57.34,207
fast_early,52,56.35,56.86,207
fast_early,53,55.84,51.02,207
fast_early,54,55.35,51.77,207
fast_early,55,54.85,54.65,207
fast_early,56,54.36,55.77,207
fast_early,57,53.87,53.39,207
fast_early,58,53.39,54.29,207
fast_early,59,52.91,49.99,207
fast_early,60,52.43,53.59,207
fast_early,61,51.96,49.31,207
fast_early,62,51.49,52.19,207
fast_early,63,51.02,53.12,207
fast_early,64,50.55,53.57,207
fast_early,65,50.09,52.52,207
fast_early,66,49.63,52.32,207
fast_early,67,49.18,49.4,207
fast_early,68,48.72,46.97,207
fast_early,69,48.27,49.27,207
fast_early,70,47.82,50.33,207
fast_early,71,47.38,45.95,207
fast_early,72,46.93,47.9,207
fast_early,73,46.49,41.54,207
fast_early,74,46.05,44.67,207
fast_early,75,45.62,41.39,207
fast_early,76,45.18,43.0,207
fast_early,77,44.75,44.16,207
fast_early,78,44.32,47.39,207
fast_early,79,43.9,42.27,207
fast_early,80,43.47,41.65,207
fast_early,81,43.05,43.53,207
fast_early,82,42.63,40.43,207
fast_early,83,42.21,40.65,207
fast_early,84,41.79,40.93,207
fast_early,85,41.38,44.23,207
fast_early,86,40.96,38.94,207
fast_early,87,40.55,39.95,207
fast_early,88,40.14,41.03,207
fast_early,89,39.74,37.44,207
fast_early,90,39.33,40.86,207
fast_early,91,38.93,40.83,207
fast_early,92,38.53,36.21,207
fast_early,93,38.13,36.94,207
fast_early,94,37.73,38.68,207
fast_early,95,37.33,38.09,207
fast_early,96,36.94,35.58,207
fast_early,97,36.54,35.48,207
fast_early,98,36.15,35.33,207
fast_early,99,35.76,37.18,207
fast_early,100,35.37,33.34,207
fast_early,101,34.99,32.85,207
fast_early,102,34.6,34.82,207
fast_early,103,34.22,35.15,207
fast_early,104,33.83,31.63,207
fast_early,105,33.45,33.37,207
fast_early,106,33.07,32.24,207
fast_early,107,32.69,38.4,207
fast_early,108,32.32,28.84,207
fast_early,109,31.94,33.54,207
fast_early,110,31.57,33.35,207
fast_early,111,31.2,32.26,207
fast_early,112,30.83,33.27,207
fast_early,113,30.46,30.04,207
fast_early,114,30.09,26.68,207
fast_early,115,29.72,29.23,207
fast_early,116,29.35,28.93,207
fast_early,117,28.99,31.97,207
fast_early,118,28.62,32.3,207
fast_early,119,28.26,27.35,207
fast_early,120,27.9,26.33,207
fast_early,121,27.54,30.68,207
fast_early,122,27.18,31.0,207
fast_early,123,26.83,27.98,207
fast_early,124,26.47,27.22,207
fast_early,125,26.11,27.89,207
fast_early,126,25.76,25.67,207
fast_early,127,25.41,25.88,207
fast_early,128,25.05,25.34,207
fast_early,129,24.7,27.7,207
fast_early,130,24.35,18.1,207
fast_early,131,24.01,24.7,207
fast_early,132,23.66,19.77,207
fast_early,133,23.31,23.28,207
fast_early,134,22.97,23.08,207
fast_early,135,22.62,20.55,207
fast_early,136,22.28,23.62,207
fast_early,137,21.94,23.87,207
fast_early,138,21.59,17.33,207
fast_early,139,21.25,23.74,207
fast_early,140,20.91,20.12,207
fast_early,141,20.58,23.1,207
fast_early,142,20.24,22.16,207
fast_early,143,19.9,17.65,207
fast_early,144,19.57,17.81,207
fast_early,145,19.23,15.31,207
fast_early,146,18.9,18.3,207
fast_early,147,18.57,18.49,207
fast_early,148,18.23,19.04,207
fast_early,149,17.9,15.9,207
fast_early,150,17.57,16.43,207
fast_early,151,17.24,15.0,207
fast_early,152,16.91,16.58,207
fast_early,153,16.59,16.43,207
fast_early,154,16.26,13.98,207
fast_early,155,15.93,14.94,207
fast_early,156,15.61,14.51,207
fast_early,157,15.29,15.97,207
fast_early,158,14.96,14.92,207
fast_early,159,14.64,15.21,207
fast_early,160,14.32,16.11,207
fast_early,161,14.0,15.55,207
fast_early,162,13.68,11.84,207
fast_early,163,13.36,11.65,207
fast_early,164,13.04,13.75,207
fast_early,165,12.72,9.37,207
fast_early,166,12.4,11.11,207
fast_early,167,12.09,10.83,207
fast_early,168,11.77,11.22,207
fast_early,169,11.46,11.96,207
fast_early,170,11.14,10.66,207
fast_early,171,10.83,15.07,207
fast_early,172,10.52,10.89,207
fast_early,173,10.21,11.32,207
fast_early,174,9.9,8.5,207
fast_early,175,9.58,9.74,207
fast_early,176,9.28,8.85,207
fast_early,177,8.97,10.48,207
fast_early,178,8.66,9.55,207
fast_early,179,8.35,7.32,207
fast_early,180,8.04,6.5,207
fast_early,181,7.74,9.17,207
fast_early,182,7.43,7.13,207
fast_early,183,7.13,6.66,207
fast_early,184,6.82,3.77,207
fast_early,185,6.52,5.66,207
fast_early,186,6.22,7.27,207
fast_early,187,5.91,4.87,207
fast_early,188,5.61,8.3,207
fast_early,189,5.31,6.15,207
fast_early,190,5.01,3.88,207
fast_early,191,4.71,2.97,207
fast_early,192,4.41,5.91,207
fast_early,193,4.11,4.29,207
fast_early,194,3.82,6.94,207
fast_early,195,3.52,0.55,207
fast_early,196,3.22,3.85,207
fast_early,197,2.93,3.87,207
fast_early,198,2.63,1.37,207
fast_early,199,2.34,2.86,207
fast_early,200,2.04,2.09,207
fast_early,201,1.75,5.35,207
fast_early,202,1.46,1.33,207
fast_early,203,1.16,1.11,207
fast_early,204,0.87,3.23,207
fast_early,205,0.58,1.64,207
fast_early,206,0.29,0,207
fast_early,207,0,0,207
fast_early,208,0,0.03,207
fast_early,209,0,2.45,207
fast_early,210,0,0,207
fast_early,211,0,0,207
fast_early,212,0,0,207
fast_early,213,0,0,207
fast_early,214,0,0,207
fast_early,215,0,1.18,207
fast_early,216,0,2.62,207
fast_early,217,0,0,207
fast_early,218,0,0.01,207
fast_early,219,0,0,207
fast_early,220,0,0,207
fast_early,221,0,3.77,207
fast_early,222,0,0,207
fast_early,223,0,0,207
fast_early,224,0,0,207
fast_early,225,0,0,207
fast_early,226,0,1.95,207
fast_early,227,0,0,207
fast_early,228,0,1.1,207
fast_early,229,0,0,207
fast_early,230,0,0,207
fast_early,231,0,0.63,207
fast_early,232,0,2.13,207
fast_early,233,0,1.63,207
fast_early,234,0,0,207
fast_early,235,0,1.51,207
fast_early,236,0,0,207
fast_early,237,0,0,207
fast_early,238,0,0,207
fast_early,239,0,0,207
fast_early,240,0,0,207
fast_early,241,0,0,207
fast_early,242,0,0,207
fast_early,243,0,0.78,207
fast_early,244,0,1.0,207
fast_early,245,0,3.03,207
fast_early,246,0,2.27,207
fast_early,247,0,0,207
fast_early,248,0,0.26,207
fast_early,249,0,1.19,207
fast_early,250,0,0.14,207
fast_early,251,0,1.4,207
fast_early,252,0,0.35,207
fast_early,253,0,0.31,207
fast_early,254,0,0,207
fast_early,255,0,1.55,207
fast_early,256,0,0,207
fast_early,257,0,0,207
fast_early,258,0,0,207
fast_early,259,0,2.07,207
fast_early,260,0,1.61,207
fast_early,261,0,0,207
fast_early,262,0,0,207
fast_early,263,0,0,207
fast_early,264,0,0,207
fast_early,265,0,1.14,207
fast_early,266,0,0,207
fast_early,267,0,0,207
fast_early,268,0,0,207
fast_early,269,0,0.16,207
fast_early,270,0,0,207
fast_early,271,0,1.72,207
fast_early,272,0,1.97,207
fast_early,273,0,0,207
fast_early,274,0,3.63,207
fast_early,275,0,2.3,207
fast_early,276,0,1.67,207
fast_early,277,0,0,207
fast_early,278,0,0,207
fast_early,279,0,2.98,207
fast_early,280,0,0,207
fast_early,281,0,0,207
fast_early,282,0,3.29,207
fast_early,283,0,0,207
fast_early,284,0,0,207
fast_early,285,0,2.17,207
fast_early,286,0,0,207
fast_early,287,0,0,207
fast_early,288,0,0,207
fast_early,289,0,1.11,207
fast_early,290,0,0,207
fast_early,291,0,0.36,207
fast_early,292,0,0,207
fast_early,293,0,2.37,207
fast_early,294,0,0.26,207
fast_early,295,0,0,207
fast_early,296,0,2.41,207
fast_early,297,0,2.68,207
fast_early,298,0,2.03,207
fast_early,299,0,0,207
late_onset,0,100,99.96,249
late_onset,1,99.95,100,249
late_onset,2,99.9,99.91,249
late_onset,3,99.86,98.57,249
late_onset,4,99.81,100,249
late_onset,5,99.76,100,249
late_onset,6,99.71,98.05,249
late_onset,7,99.66,97.82,249
late_onset,8,99.61,98.3,249
late_onset,9,99.57,100,249
late_onset,10,99.52,98.39,249
late_onset,11,99.47,97.97,249
late_onset,12,99.42,97.92,249
late_onset,13,99.37,100,249
late_onset,14,99.33,94.2,249
late_onset,15,99.28,100,249
late_onset,16,99.23,100,249
late_onset,17,99.18,94.66,249
late_onset,18,99.13,99.3,249
late_onset,19,99.08,98.67,249
late_onset,20,99.04,98.56,249
late_onset,21,98.99,100,249
late_onset,22,98.94,96.94,249
late_onset,23,98.89,100,249
late_onset,24,98.84,99.03,249
late_onset,25,98.8,97.44,249
late_onset,26,98.75,100,249
late_onset,27,98.7,100,249
late_onset,28,98.65,100,249
late_onset,29,98.6,97.78,249
late_onset,30,98.55,95.66,249
late_onset,31,98.51,98.28,249
late_onset,32,98.46,96.17,249
late_onset,33,98.41,99.76,249
late_onset,34,98.36,98.47,249
late_onset,35,98.31,94.29,249
late_onset,36,98.27,98.43,249
late_onset,37,98.22,100,249
late_onset,38,98.17,97.11,249
late_onset,39,98.12,98.1,249
late_onset,40,98.07,97.71,249
late_onset,41,98.02,97.13,249
late_onset,42,97.98,100,249
late_onset,43,97.93,95.0,249
late_onset,44,97.88,100,249
late_onset,45,97.83,96.79,249
late_onset,46,97.78,96.7,249
late_onset,47,97.73,95.13,249
late_onset,48,97.69,97.96,249
late_onset,49,97.64,97.58,249
late_onset,50,97.59,96.48,249
late_onset,51,97.54,96.94,249
late_onset,52,97.49,97.25,249
late_onset,53,97.45,99.6,249
late_onset,54,97.4,93.65,249
late_onset,55,97.35,96.34,249
late_onset,56,97.3,95.12,249
late_onset,57,97.25,98.71,249
late_onset,58,97.2,94.75,249
late_onset,59,97.16,95.8,249
late_onset,60,97.11,100,249
late_onset,61,97.06,97.69,249
late_onset,62,97.01,96.85,249
late_onset,63,96.96,99.25,249
late_onset,64,96.92,98.21,249
late_onset,65,96.87,95.4,249
late_onset,66,96.82,97.93,249
late_onset,67,96.77,96.34,249
late_onset,68,96.72,100,249
late_onset,69,96.67,93.5,249
late_onset,70,96.63,98.24,249
late_onset,71,96.58,95.61,249
late_onset,72,96.53,97.99,249
late_onset,73,96.48,97.22,249
late_onset,74,96.43,98.25,249
late_onset,75,96.39,92.69,249
late_onset,76,96.34,96.87,249
late_onset,77,96.29,96.65,249
late_onset,78,96.24,100,249
late_onset,79,96.19,96.49,249
late_onset,80,96.14,99.28,249
late_onset,81,96.1,98.19,249
late_onset,82,96.05,100,249
late_onset,83,96.0,97.8,249
late_onset,84,95.95,96.95,249
late_onset,85,95.9,98.06,249
late_onset,86,95.86,93.66,249
late_onset,87,95.81,98.71,249
late_onset,88,95.76,95.64,249
late_onset,89,95.71,97.88,249
late_onset,90,95.66,96.27,249
late_onset,91,95.61,94.93,249
late_onset,92,95.57,100,249
late_onset,93,95.52,92.02,249
late_onset,94,95.47,95.93,249
late_onset,95,95.42,94.23,249
late_onset,96,95.37,94.55,249
late_onset,97,95.33,96.7,249
late_onset,98,95.28,97.48,249
late_onset,99,95.23,94.66,249
late_onset,100,95.18,96.78,249
late_onset,101,95.13,95.78,249
late_onset,102,95.08,97.02,249
late_onset,103,95.04,94.63,249
late_onset,104,94.99,93.73,249
late_onset,105,94.94,95.3,249
late_onset,106,94.89,90.27,249
late_onset,107,94.84,93.13,249
late_onset,108,94.8,93.27,249
late_onset,109,94.75,93.64,249
late_onset,110,94.7,95.33,249
late_onset,111,94.65,95.22,249
late_onset,112,94.6,94.04,249
late_onset,113,94.55,93.52,249
late_onset,114,94.51,92.9,249
late_onset,115,94.46,96.4,249
late_onset,116,94.41,95.42,249
late_onset,117,94.36,93.69,249
late_onset,118,94.31,94.47,249
late_onset,119,94.27,91.75,249
late_onset,120,94.22,92.07,249
late_onset,121,94.17,95.0,249
late_onset,122,94.12,98.27,249
late_onset,123,94.07,96.39,249
late_onset,124,94.02,95.29,249
late_onset,125,93.87,91.79,249
late_onset,126,93.53,91.3,249
late_onset,127,93.14,95.71,249
late_onset,128,92.71,93.43,249
late_onset,129,92.25,89.8,249
late_onset,130,91.77,87.89,249
late_onset,131,91.28,89.66,249
late_onset,132,90.77,90.09,249
late_onset,133,90.25,89.91,249
late_onset,134,89.71,87.97,249
late_onset,135,89.17,89.02,249
late_onset,136,88.61,88.11,249
late_onset,137,88.04,87.97,249
late_onset,138,87.46,87.06,249
late_onset,139,86.88,88.93,249
late_onset,140,86.29,89.13,249
late_onset,141,85.68,88.7,249
late_onset,142,85.08,82.13,249
late_onset,143,84.46,81.58,249
late_onset,144,83.84,83.57,249
late_onset,145,83.21,84.5,249
late_onset,146,82.58,81.72,249
late_onset,147,81.93,79.01,249
late_onset,148,81.29,82.02,249
late_onset,149,80.64,79.09,249
late_onset,150,79.98,81.35,249
late_onset,151,79.32,77.34,249
late_onset,152,78.65,79.03,249
late_onset,153,77.98,78.85,249
late_onset,154,77.3,76.69,249
late_onset,155,76.62,79.83,249
late_onset,156,75.93,76.76,249
late_onset,157,75.24,73.24,249
late_onset,158,74.55,76.53,249
late_onset,159,73.85,71.05,249
late_onset,160,73.15,70.47,249
late_onset,161,72.44,72.01,249
late_onset,162,71.73,70.31,249
late_onset,163,71.01,71.81,249
late_onset,164,70.29,66.23,249
late_onset,165,69.57,71.45,249
late_onset,166,68.85,72.27,249
late_onset,167,68.12,65.62,249
late_onset,168,67.39,67.89,249
late_onset,169,66.65,65.27,249
late_onset,170,65.91,68.71,249
late_onset,171,65.17,68.62,249
late_onset,172,64.42,62.84,249
late_onset,173,63.67,62.74,249
late_onset,174,62.92,62.47,249
late_onset,175,62.17,59.71,249
late_onset,176,61.41,63.12,249
late_onset,177,60.65,57.79,249
late_onset,178,59.88,58.6,249
late_onset,179,59.12,59.91,249
late_onset,180,58.35,61.14,249
late_onset,181,57.58,55.8,249
late_onset,182,56.8,55.57,249
late_onset,183,56.02,54.34,249
late_onset,184,55.24,52.55,249
late_onset,185,54.46,55.34,249
late_onset,186,53.67,55.76,249
late_onset,187,52.89,50.93,249
late_onset,188,52.1,53.57,249
late_onset,189,51.3,50.62,249
late_onset,190,50.51,48.61,249
late_onset,191,49.71,50.48,249
late_onset,192,48.91,49.16,249
late_onset,193,48.11,46.77,249
late_onset,194,47.3,47.27,249
late_onset,195,46.49,44.75,249
late_onset,196,45.68,45.72,249
late_onset,197,44.87,42.62,249
late_onset,198,44.06,46.36,249
late_onset,199,43.24,41.28,249
late_onset,200,42.42,43.03,249
late_onset,201,41.6,43.1,249
late_onset,202,40.78,43.84,249
late_onset,203,39.95,39.13,249
late_onset,204,39.13,38.38,249
late_onset,205,38.3,42.79,249
late_onset,206,37.47,36.55,249
late_onset,207,36.63,33.67,249
late_onset,208,35.8,36.7,249
late_onset,209,34.96,35.45,249
late_onset,210,34.12,35.01,249
late_onset,211,33.28,31.6,249
late_onset,212,32.43,35.24,249
late_onset,213,31.59,31.21,249
late_onset,214,30.74,30.81,249
late_onset,215,29.89,30.47,249
late_onset,216,29.04,29.31,249
late_onset,217,28.19,30.16,249
late_onset,218,27.33,26.8,249
late_onset,219,26.48,25.35,249
late_onset,220,25.62,26.23,249
late_onset,221,24.76,25.63,249
late_onset,222,23.9,21.7,249
late_onset,223,23.03,25.67,249
late_onset,224,22.17,19.27,249
late_onset,225,21.3,22.18,249
late_onset,226,20.43,22.19,249
late_onset,227,19.56,18.66,249
late_onset,228,18.69,17.06,249
late_onset,229,17.82,17.33,249
late_onset,230,16.94,19.96,249
late_onset,231,16.06,16.85,249
late_onset,232,15.18,16.62,249
late_onset,233,14.3,14.66,249
late_onset,234,13.42,15.86,249
late_onset,235,12.54,13.88,249
late_onset,236,11.65,14.23,249
late_onset,237,10.76,9.92,249
late_onset,238,9.88,9.25,249
late_onset,239,8.99,9.48,249
late_onset,240,8.09,7.29,249
late_onset,241,7.2,9.76,249
late_onset,242,6.31,4.6,249
late_onset,243,5.41,6.42,249
late_onset,244,4.51,4.51,249
late_onset,245,3.61,2.95,249
late_onset,246,2.71,4.54,249
late_onset,247,1.81,0,249
late_onset,248,0.91,1.96,249
late_onset,249,0,0,249
late_onset,250,0,0,249
late_onset,251,0,0,249
late_onset,252,0,0,249
late_onset,253,0,0,249
late_onset,254,0,0.22,249
late_onset,255,0,0.24,249
late_onset,256,0,0,249
late_onset,257,0,1.36,249
late_onset,258,0,1.41,249
late_onset,259,0,0.16,249
late_onset,260,0,0,249
late_onset,261,0,0,249
late_onset,262,0,1.7,249
late_onset,263,0,0,249
late_onset,264,0,0,249
late_onset,265,0,0,249
late_onset,266,0,0,249
late_onset,267,0,0,249
late_onset,268,0,0.72,249
late_onset,269,0,0,249
late_onset,270,0,1.05,249
late_onset,271,0,0,249
late_onset,272,0,0,249
late_onset,273,0,4.3,249
late_onset,274,0,1.8,249
late_onset,275,0,4.75,249
late_onset,276,0,0,249
late_onset,277,0,1.77,249
late_onset,278,0,2.47,249
late_onset,279,0,0.69,249
late_onset,280,0,0,249
late_onset,281,0,0,249
late_onset,282,0,0.81,249
late_onset,283,0,0,249
late_onset,284,0,0,249
late_onset,285,0,0.41,249
late_onset,286,0,2.71,249
late_onset,287,0,0,249
late_onset,288,0,0,249
late_onset,289,0,0,249
late_onset,290,0,1.37,249
late_onset,291,0,0,249
late_onset,292,0,0,249
late_onset,293,0,1.12,249
late_onset,294,0,0,249
late_onset,295,0,1.26,249
late_onset,296,0,3.24,249
late_onset,297,0,0.73,249
late_onset,298,0,0,249
late_onset,299,0,0.48,249
step_shocks,0,100,99.24,216
step_shocks,1,99.68,100,216
step_shocks,2,99.36,100,216
step_shocks,3,99.04,97.02,216
step_shocks,4,98.72,100,216
step_shocks,5,98.4,98.76,216
step_shocks,6,98.08,97.83,216
step_shocks,7,97.75,94.49,216
step_shocks,8,97.43,97.35,216
step_shocks,9,97.11,100,216
step_shocks,10,96.79,95.33,216
step_shocks,11,96.47,98.69,216
step_shocks,12,96.15,98.15,216
step_shocks,13,95.83,97.34,216
step_shocks,14,95.51,94.03,216
step_shocks,15,95.19,97.56,216
step_shocks,16,94.87,91.33,216
step_shocks,17,94.55,92.93,216
step_shocks,18,94.23,93.45,216
step_shocks,19,93.91,95.9,216
step_shocks,20,93.59,95.98,216
step_shocks,21,93.26,93.02,216
step_shocks,22,92.94,91.26,216
step_shocks,23,92.62,90.58,216
step_shocks,24,92.3,95.28,216
step_shocks,25,91.98,91.82,216
step_shocks,26,91.66,92.7,216
step_shocks,27,91.34,91.93,216
step_shocks,28,91.02,92.63,216
step_shocks,29,90.7,92.36,216
step_shocks,30,90.38,89.58,216
step_shocks,31,90.06,91.59,216
step_shocks,32,89.74,91.24,216
step_shocks,33,89.42,89.54,216
step_shocks,34,89.09,91.68,216
step_shocks,35,88.77,91.16,216
step_shocks,36,88.45,84.4,216
step_shocks,37,88.13,87.98,216
step_shocks,38,87.81,86.44,216
step_shocks,39,87.49,85.52,216
step_shocks,40,87.17,88.16,216
step_shocks,41,86.85,88.23,216
step_shocks,42,86.53,86.04,216
step_shocks,43,86.21,82.12,216
step_shocks,44,85.89,88.51,216
step_shocks,45,85.57,88.77,216
step_shocks,46,85.25,87.37,216
step_shocks,47,84.93,85.02,216
step_shocks,48,84.6,84.18,216
step_shocks,49,84.28,83.5,216
step_shocks,50,83.96,82.98,216
step_shocks,51,83.64,80.56,216
step_shocks,52,83.32,83.57,216
step_shocks,53,83.0,82.58,216
step_shocks,54,82.68,83.28,216
step_shocks,55,82.36,83.56,216
step_shocks,56,82.04,83.76,216
step_shocks,57,81.72,83.46,216
step_shocks,58,81.4,84.56,216
step_shocks,59,81.08,78.61,216
step_shocks,60,80.76,80.53,216
step_shocks,61,80.43,82.3,216
step_shocks,62,80.11,78.08,216
step_shocks,63,79.79,80.55,216
step_shocks,64,79.47,81.2,216
step_shocks,65,79.15,79.33,216
step_shocks,66,78.83,74.83,216
step_shocks,67,78.51,79.33,216
step_shocks,68,78.19,80.27,216
step_shocks,69,77.87,75.72,216
step_shocks,70,77.55,78.57,216
step_shocks,71,77.23,72.99,216
step_shocks,72,66.89,66.49,216
step_shocks,73,66.57,65.57,216
step_shocks,74,66.25,68.14,216
step_shocks,75,65.93,70.04,216
step_shocks,76,65.61,65.94,216
step_shocks,77,65.29,62.9,216
step_shocks,78,64.96,64.54,216
step_shocks,79,64.64,64.94,216
step_shocks,80,64.32,62.02,216
step_shocks,81,64.0,64.27,216
step_shocks,82,63.68,61.4,216
step_shocks,83,63.36,60.81,216
step_shocks,84,63.04,63.4,216
step_shocks,85,62.72,62.3,216
step_shocks,86,62.4,60.78,216
step_shocks,87,62.08,66.23,216
step_shocks,88,61.76,66.14,216
step_shocks,89,61.44,60.59,216
step_shocks,90,61.12,64.63,216
step_shocks,91,60.79,57.08,216
step_shocks,92,60.47,58.73,216
step_shocks,93,60.15,58.38,216
step_shocks,94,59.83,59.66,216
step_shocks,95,59.51,59.69,216
step_shocks,96,59.19,59.06,216
step_shocks,97,58.87,57.42,216
step_shocks,98,58.55,59.39,216
step_shocks,99,58.23,59.74,216
step_shocks,100,57.91,57.17,216
step_shocks,101,57.59,59.77,216
step_shocks,102,57.27,56.89,216
step_shocks,103,56.95,59.96,216
step_shocks,104,56.62,58.81,216
step_shocks,105,56.3,57.47,216
step_shocks,106,55.98,56.11,216
step_shocks,107,55.66,54.66,216
step_shocks,108,55.34,57.26,216
step_shocks,109,46.17,43.67,216
step_shocks,110,45.85,43.23,216
step_shocks,111,45.53,44.59,216
step_shocks,112,45.21,46.66,216
step_shocks,113,44.89,43.0,216
step_shocks,114,44.57,42.71,216
step_shocks,115,44.25,45.92,216
step_shocks,116,43.93,43.35,216
step_shocks,117,43.61,42.06,216
step_shocks,118,43.29,43.77,216
step_shocks,119,42.97,45.57,216
step_shocks,120,42.64,41.34,216
step_shocks,121,42.32,41.11,216
step_shocks,122,42.0,44.22,216
step_shocks,123,41.68,42.33,216
step_shocks,124,41.36,43.48,216
step_shocks,125,41.04,39.36,216
step_shocks,126,40.72,41.02,216
step_shocks,127,40.4,40.56,216
step_shocks,128,40.08,40.49,216
step_shocks,129,39.76,42.96,216
step_shocks,130,39.44,38.07,216
step_shocks,131,39.12,35.37,216
step_shocks,132,38.8,40.75,216
step_shocks,133,38.48,39.6,216
step_shocks,134,38.15,37.84,216
step_shocks,135,37.83,34.67,216
step_shocks,136,37.51,37.37,216
step_shocks,137,37.19,38.43,216
step_shocks,138,36.87,38.86,216
step_shocks,139,36.55,33.21,216
step_shocks,140,36.23,37.84,216
step_shocks,141,35.91,33.7,216
step_shocks,142,35.59,37.0,216
step_shocks,143,35.27,35.23,216
step_shocks,144,34.95,32.46,216
step_shocks,145,34.63,31.11,216
step_shocks,146,34.31,33.67,216
step_shocks,147,33.98,36.53,216
step_shocks,148,33.66,32.82,216
step_shocks,149,33.34,33.46,216
step_shocks,150,33.02,32.28,216
step_shocks,151,32.7,33.37,216
step_shocks,152,32.38,31.89,216
step_shocks,153,32.06,33.73,216
step_shocks,154,31.74,32.7,216
step_shocks,155,31.42,29.12,216
step_shocks,156,31.1,29.09,216
step_shocks,157,30.78,26.3,216
step_shocks,158,30.46,29.0,216
step_shocks,159,30.14,29.07,216
step_shocks,160,29.82,28.62,216
step_shocks,161,29.49,31.96,216
step_shocks,162,29.17,29.16,216
step_shocks,163,28.85,27.37,216
step_shocks,164,28.53,25.44,216
step_shocks,165,28.21,29.74,216
step_shocks,166,27.89,27.71,216
step_shocks,167,27.57,30.46,216
step_shocks,168,27.25,26.04,216
step_shocks,169,26.93,29.14,216
step_shocks,170,26.61,31.15,216
step_shocks,171,26.29,28.05,216
step_shocks,172,25.97,24.92,216
step_shocks,173,25.65,28.03,216
step_shocks,174,25.32,23.4,216
step_shocks,175,25.0,22.49,216
step_shocks,176,24.68,28.64,216
step_shocks,177,24.36,23.53,216
step_shocks,178,12.19,12.01,216
step_shocks,179,11.87,8.8,216
step_shocks,180,11.55,8.87,216
step_shocks,181,11.23,8.48,216
step_shocks,182,10.91,12.39,216
step_shocks,183,10.58,11.64,216
step_shocks,184,10.26,10.32,216
step_shocks,185,9.94,8.2,216
step_shocks,186,9.62,10.3,216
step_shocks,187,9.3,7.71,216
step_shocks,188,8.98,10.6,216
step_shocks,189,8.66,7.97,216
step_shocks,190,8.34,6.17,216
step_shocks,191,8.02,6.17,216
step_shocks,192,7.7,8.85,216
step_shocks,193,7.38,7.35,216
step_shocks,194,7.06,6.68,216
step_shocks,195,6.74,6.62,216
step_shocks,196,6.41,4.17,216
step_shocks,197,6.09,8.9,216
step_shocks,198,5.77,4.35,216
step_shocks,199,5.45,3.77,216
step_shocks,200,5.13,2.5,216
step_shocks,201,4.81,6.53,216
step_shocks,202,4.49,4.79,216
step_shocks,203,4.17,4.06,216
step_shocks,204,3.85,3.26,216
step_shocks,205,3.53,5.14,216
step_shocks,206,3.21,2.44,216
step_shocks,207,2.89,0.5,216
step_shocks,208,2.57,2.61,216
step_shocks,209,2.25,1.17,216
step_shocks,210,1.92,4.0,216
step_shocks,211,1.6,2.5,216
step_shocks,212,1.28,1.76,216
step_shocks,213,0.96,1.89,216
step_shocks,214,0.64,0,216
step_shocks,215,0.32,0,216
step_shocks,216,0,0,216
step_shocks,217,0,1.29,216
step_shocks,218,0,0.11,216
step_shocks,219,0,0,216
step_shocks,220,0,1.22,216
step_shocks,221,0,0.58,216
step_shocks,222,0,1.95,216
step_shocks,223,0,1.58,216
step_shocks,224,0,3.65,216
step_shocks,225,0,3.34,216
step_shocks,226,0,1.27,216
step_shocks,227,0,0.81,216
step_shocks,228,0,2.29,216
step_shocks,229,0,0,216
step_shocks,230,0,0,216
step_shocks,231,0,1.75,216
step_shocks,232,0,0,216
step_shocks,233,0,0.56,216
step_shocks,234,0,2.67,216
step_shocks,235,0,0,216
step_shocks,236,0,0.77,216
step_shocks,237,0,0,216
step_shocks,238,0,1.7,216
step_shocks,239,0,2.55,216
step_shocks,240,0,1.96,216
step_shocks,241,0,1.71,216
step_shocks,242,0,0,216
step_shocks,243,0,3.59,216
step_shocks,244,0,0,216
step_shocks,245,0,2.25,216
step_shocks,246,0,0.06,216
step_shocks,247,0,0,216
step_shocks,248,0,0,216
step_shocks,249,0,0,216
step_shocks,250,0,0,216
step_shocks,251,0,0.4,216
step_shocks,252,0,0,216
step_shocks,253,0,2.03,216
step_shocks,254,0,1.11,216
step_shocks,255,0,2.26,216
step_shocks,256,0,0.27,216
step_shocks,257,0,0.89,216
step_shocks,258,0,0.92,216
step_shocks,259,0,2.83,216
step_shocks,260,0,0,216
step_shocks,261,0,0.17,216
step_shocks,262,0,4.05,216
step_shocks,263,0,4.07,216
step_shocks,264,0,1.34,216
step_shocks,265,0,0,216
step_shocks,266,0,0.28,216
step_shocks,267,0,0,216
step_shocks,268,0,0,216
step_shocks,269,0,5.5,216
step_shocks,270,0,0,216
step_shocks,271,0,0,216
step_shocks,272,0,0,216
step_shocks,273,0,0,216
step_shocks,274,0,0,216
step_shocks,275,0,0,216
step_shocks,276,0,1.02,216
step_shocks,277,0,0.6,216
step_shocks,278,0,0,216
step_shocks,279,0,5.39,216
step_shocks,280,0,0,216
step_shocks,281,0,1.09,216
step_shocks,282,0,0,216
step_shocks,283,0,0,216
step_shocks,284,0,0.29,216
step_shocks,285,0,0,216
step_shocks,286,0,1.46,216
step_shocks,287,0,0,216
step_shocks,288,0,1.94,216
step_shocks,289,0,0,216
step_shocks,290,0,1.35,216
step_shocks,291,0,4.67,216
step_shocks,292,0,0,216
step_shocks,293,0,0,216
step_shocks,294,0,0,216
step_shocks,295,0,0.58,216
step_shocks,296,0,0,216
step_shocks,297,0,1.6,216
step_shocks,298,0,0,216
step_shocks,299,0,0,216
