scenario,t,signal,is_fault
none,0,50.86,0
none,1,53.14,0
none,2,54.91,0
none,3,54.71,0
none,4,56.76,0
none,5,57.29,0
none,6,59.42,0
none,7,58.6,0
none,8,58.34,0
none,9,57.29,0
none,10,54.18,0
none,11,53.12,0
none,12,49.09,0
none,13,47.67,0
none,14,47.54,0
none,15,45.75,0
none,16,43.64,0
none,17,40.99,0
none,18,42.84,0
none,19,43.28,0
none,20,43.38,0
none,21,43.63,0
none,22,44.95,0
none,23,47.49,0
none,24,49.09,0
none,25,52.03,0
none,26,52.64,0
none,27,56.11,0
none,28,54.34,0
none,29,57.64,0
none,30,58.59,0
none,31,59.02,0
none,32,57.5,0
none,33,56.84,0
none,34,53.68,0
none,35,53.72,0
none,36,48.22,0
none,37,48.21,0
none,38,44.88,0
none,39,43.33,0
none,40,43.41,0
none,41,41.01,0
none,42,41.5,0
none,43,42.38,0
none,44,41.82,0
none,45,44.42,0
none,46,44.54,0
none,47,48.39,0
none,48,49.54,0
none,49,51.42,0
none,50,53.7,0
none,51,54.98,0
none,52,56.82,0
none,53,56.8,0
none,54,57.24,0
none,55,57.53,0
none,56,56.94,0
none,57,55.33,0
none,58,54.98,0
none,59,50.44,0
none,60,49.34,0
none,61,49.25,0
none,62,45.73,0
none,63,44.76,0
none,64,45.06,0
none,65,42.16,0
none,66,42.65,0
none,67,43.15,0
none,68,45.61,0
none,69,44.89,0
none,70,44.65,0
none,71,47.66,0
none,72,49.37,0
none,73,52.4,0
none,74,54.93,0
none,75,56.62,0
none,76,57.0,0
none,77,56.29,0
none,78,56.6,0
none,79,56.99,0
none,80,57.78,0
none,81,57.06,0
none,82,53.31,0
none,83,53.59,0
none,84,49.51,0
none,85,50.46,0
none,86,46.21,0
none,87,43.84,0
none,88,42.33,0
none,89,41.99,0
none,90,42.24,0
none,91,43.64,0
none,92,43.57,0
none,93,44.56,0
none,94,46.69,0
none,95,47.36,0
none,96,49.76,0
none,97,52.96,0
none,98,54.57,0
none,99,53.72,0
none,100,58.43,0
none,101,57.36,0
none,102,58.47,0
none,103,57.19,0
none,104,56.96,0
none,105,55.28,0
none,106,55.2,0
none,107,53.52,0
none,108,48.87,0
none,109,46.71,0
none,110,46.49,0
none,111,45.77,0
none,112,41.84,0
none,113,41.71,0
none,114,42.09,0
none,115,42.5,0
none,116,46.75,0
none,117,43.12,0
none,118,47.1,0
none,119,48.91,0
none,120,50.2,0
none,121,51.95,0
none,122,51.91,0
none,123,56.04,0
none,124,57.3,0
none,125,59.41,0
none,126,57.87,0
none,127,57.95,0
none,128,57.51,0
none,129,54.35,0
none,130,54.45,0
none,131,50.96,0
none,132,50.88,0
none,133,47.45,0
none,134,44.82,0
none,135,45.07,0
none,136,43.24,0
none,137,43.14,0
none,138,42.74,0
none,139,42.45,0
none,140,43.21,0
none,141,43.13,0
none,142,47.83,0
none,143,49.21,0
none,144,48.38,0
none,145,51.24,0
none,146,52.56,0
none,147,56.79,0
none,148,56.09,0
none,149,58.93,0
none,150,57.53,0
none,151,55.73,0
none,152,56.91,0
none,153,55.54,0
none,154,54.45,0
none,155,53.48,0
none,156,51.07,0
none,157,49.3,0
none,158,45.15,0
none,159,44.12,0
none,160,42.61,0
none,161,41.87,0
none,162,42.01,0
none,163,40.79,0
none,164,41.68,0
none,165,42.36,0
none,166,45.47,0
none,167,46.35,0
none,168,50.35,0
none,169,49.97,0
none,170,55.65,0
none,171,53.8,0
none,172,56.87,0
none,173,56.54,0
none,174,57.58,0
none,175,58.11,0
none,176,56.06,0
none,177,54.51,0
none,178,54.51,0
none,179,52.04,0
none,180,49.96,0
none,181,48.38,0
none,182,46.67,0
none,183,43.05,0
none,184,43.74,0
none,185,42.99,0
none,186,42.24,0
none,187,43.28,0
none,188,43.48,0
none,189,44.72,0
none,190,45.35,0
none,191,45.1,0
none,192,50.48,0
none,193,51.6,0
none,194,54.47,0
none,195,56.63,0
none,196,57.55,0
none,197,57.57,0
none,198,58.23,0
none,199,57.03,0
none,200,55.51,0
none,201,56.75,0
none,202,53.93,0
none,203,52.49,0
none,204,49.49,0
none,205,49.46,0
none,206,47.0,0
none,207,45.83,0
none,208,45.43,0
none,209,40.65,0
none,210,42.63,0
none,211,42.77,0
none,212,43.09,0
none,213,44.71,0
none,214,44.57,0
none,215,48.62,0
none,216,50.99,0
none,217,50.52,0
none,218,53.52,0
none,219,57.16,0
none,220,57.64,0
none,221,57.8,0
none,222,58.77,0
none,223,57.71,0
none,224,55.47,0
none,225,55.46,0
none,226,55.47,0
none,227,53.4,0
none,228,50.8,0
none,229,48.51,0
none,230,46.92,0
none,231,43.73,0
none,232,44.68,0
none,233,42.06,0
none,234,42.76,0
none,235,40.66,0
none,236,42.99,0
none,237,43.88,0
none,238,46.18,0
none,239,44.79,0
none,240,48.79,0
none,241,52.47,0
none,242,54.06,0
none,243,55.21,0
none,244,55.2,0
none,245,57.43,0
none,246,58.54,0
none,247,56.37,0
none,248,57.52,0
none,249,53.81,0
none,250,54.02,0
none,251,51.96,0
none,252,49.01,0
none,253,48.76,0
none,254,48.48,0
none,255,43.28,0
none,256,43.18,0
none,257,41.13,0
none,258,42.6,0
none,259,41.05,0
none,260,42.04,0
none,261,43.38,0
none,262,44.41,0
none,263,47.4,0
none,264,51.46,0
none,265,52.91,0
none,266,53.13,0
none,267,55.43,0
none,268,56.25,0
none,269,57.66,0
none,270,59.72,0
none,271,56.65,0
none,272,56.95,0
none,273,53.6,0
none,274,52.9,0
none,275,51.66,0
none,276,47.98,0
none,277,50.06,0
none,278,44.41,0
none,279,44.08,0
none,280,42.61,0
none,281,43.23,0
none,282,42.82,0
none,283,43.02,0
none,284,43.33,0
none,285,43.29,0
none,286,48.15,0
none,287,48.58,0
none,288,50.06,0
none,289,50.6,0
none,290,54.83,0
none,291,55.68,0
none,292,57.42,0
none,293,57.37,0
none,294,58.58,0
none,295,56.8,0
none,296,55.74,0
none,297,56.97,0
none,298,54.33,0
none,299,51.89,0
drift,0,51.31,0
drift,1,51.57,0
drift,2,53.41,0
drift,3,55.91,0
drift,4,56.94,0
drift,5,57.9,0
drift,6,58.23,0
drift,7,58.26,0
drift,8,57.84,0
drift,9,56.53,0
drift,10,54.78,0
drift,11,50.32,0
drift,12,52.58,0
drift,13,47.01,0
drift,14,45.73,0
drift,15,43.71,0
drift,16,43.57,0
drift,17,42.92,0
drift,18,44.72,0
drift,19,41.78,0
drift,20,42.97,0
drift,21,43.74,0
drift,22,44.66,0
drift,23,47.81,0
drift,24,51.15,0
drift,25,52.76,0
drift,26,54.44,0
drift,27,54.48,0
drift,28,58.52,0
drift,29,57.27,0
drift,30,58.02,0
drift,31,56.72,0
drift,32,56.16,0
drift,33,54.24,0
drift,34,52.35,0
drift,35,53.15,0
drift,36,49.02,0
drift,37,48.97,0
drift,38,45.49,0
drift,39,43.78,0
drift,40,41.32,0
drift,41,42.44,0
drift,42,42.75,0
drift,43,43.77,0
drift,44,44.22,0
drift,45,44.28,0
drift,46,46.52,0
drift,47,50.11,0
drift,48,50.58,0
drift,49,52.6,0
drift,50,54.58,0
drift,51,56.3,0
drift,52,55.29,0
drift,53,57.08,0
drift,54,57.28,0
drift,55,57.83,0
drift,56,56.65,0
drift,57,56.84,0
drift,58,55.16,0
drift,59,52.97,0
drift,60,50.12,0
drift,61,49.53,0
drift,62,47.25,0
drift,63,44.9,0
drift,64,43.49,0
drift,65,41.08,0
drift,66,40.68,0
drift,67,41.93,0
drift,68,44.3,0
drift,69,44.0,0
drift,70,47.66,0
drift,71,47.71,0
drift,72,50.04,0
drift,73,54.02,0
drift,74,53.71,0
drift,75,54.54,0
drift,76,57.75,0
drift,77,56.5,0
drift,78,58.94,0
drift,79,57.93,0
drift,80,55.39,0
drift,81,56.05,0
drift,82,51.94,0
drift,83,53.52,0
drift,84,50.28,0
drift,85,48.75,0
drift,86,48.0,0
drift,87,43.95,0
drift,88,44.67,0
drift,89,41.36,0
drift,90,41.21,0
drift,91,40.12,0
drift,92,42.5,0
drift,93,44.73,0
drift,94,44.65,0
drift,95,50.39,0
drift,96,49.93,0
drift,97,52.25,0
drift,98,52.57,0
drift,99,57.04,0
drift,100,57.37,0
drift,101,57.73,0
drift,102,56.63,0
drift,103,57.68,0
drift,104,56.62,0
drift,105,55.32,0
drift,106,55.52,0
drift,107,51.45,0
drift,108,50.11,0
drift,109,47.16,0
drift,110,45.91,0
drift,111,44.66,0
drift,112,45.05,0
drift,113,43.91,0
drift,114,41.39,0
drift,115,43.55,0
drift,116,41.61,0
drift,117,44.51,0
drift,118,46.13,0
drift,119,47.9,0
drift,120,49.87,0
drift,121,51.51,0
drift,122,53.25,0
drift,123,54.89,0
drift,124,56.09,0
drift,125,56.69,0
drift,126,58.28,0
drift,127,58.29,0
drift,128,58.05,0
drift,129,55.46,0
drift,130,53.03,0
drift,131,53.22,0
drift,132,48.52,0
drift,133,47.7,0
drift,134,46.87,0
drift,135,43.48,0
drift,136,42.22,0
drift,137,42.15,0
drift,138,41.84,0
drift,139,41.74,0
drift,140,44.05,0
drift,141,44.03,0
drift,142,45.53,0
drift,143,47.91,0
drift,144,51.56,0
drift,145,50.77,0
drift,146,53.23,0
drift,147,57.12,0
drift,148,57.77,0
drift,149,59.18,0
drift,150,59.38,0
drift,151,58.2,0
drift,152,56.95,0
drift,153,56.77,0
drift,154,53.9,0
drift,155,51.85,0
drift,156,49.46,0
drift,157,48.5,0
drift,158,46.25,0
drift,159,41.8,0
drift,160,44.0,0
drift,161,43.34,0
drift,162,42.18,0
drift,163,42.58,0
drift,164,44.81,0
drift,165,45.21,0
drift,166,46.88,0
drift,167,48.48,0
drift,168,48.35,0
drift,169,51.7,0
drift,170,53.47,0
drift,171,57.0,0
drift,172,57.75,0
drift,173,57.26,0
drift,174,56.89,0
drift,175,57.91,0
drift,176,56.29,0
drift,177,56.2,0
drift,178,53.17,0
drift,179,53.42,0
drift,180,48.9,0
drift,181,47.05,0
drift,182,45.36,0
drift,183,45.62,0
drift,184,43.02,0
drift,185,41.23,0
drift,186,41.87,0
drift,187,42.31,0
drift,188,44.58,0
drift,189,45.02,0
drift,190,48.38,0
drift,191,47.5,0
drift,192,49.97,0
drift,193,53.27,0
drift,194,54.14,0
drift,195,56.99,0
drift,196,57.2,0
drift,197,58.86,0
drift,198,58.9,0
drift,199,58.69,0
drift,200,55.91,0
drift,201,56.71,0
drift,202,53.89,0
drift,203,52.74,0
drift,204,50.04,1
drift,205,49.1,1
drift,206,45.35,1
drift,207,44.53,1
drift,208,43.92,1
drift,209,43.08,1
drift,210,42.91,1
drift,211,43.4,1
drift,212,44.39,1
drift,213,46.29,1
drift,214,48.89,1
drift,215,48.09,1
drift,216,52.07,1
drift,217,54.73,1
drift,218,55.39,1
drift,219,58.94,1
drift,220,58.95,1
drift,221,59.25,1
drift,222,58.74,1
drift,223,60.04,1
drift,224,59.37,1
drift,225,57.45,1
drift,226,56.15,1
drift,227,53.31,1
drift,228,51.6,1
drift,229,50.48,1
drift,230,48.64,1
drift,231,47.94,1
drift,232,46.2,1
drift,233,47.28,1
drift,234,46.27,1
drift,235,46.8,1
drift,236,47.56,1
drift,237,49.22,1
drift,238,50.32,1
drift,239,52.41,1
drift,240,54.67,1
drift,241,57.44,1
drift,242,60.36,1
drift,243,60.95,1
drift,244,61.85,1
drift,245,62.49,1
drift,246,61.74,1
drift,247,64.32,1
drift,248,62.5,1
drift,249,61.62,1
drift,250,60.4,1
drift,251,58.57,1
drift,252,54.94,1
drift,253,51.54,1
drift,254,53.27,1
drift,255,52.78,1
drift,256,48.72,1
drift,257,48.27,1
drift,258,48.88,1
drift,259,46.6,1
drift,260,47.89,1
drift,261,51.62,1
drift,262,52.93,1
drift,263,55.33,1
drift,264,56.67,1
drift,265,59.06,1
drift,266,60.25,1
drift,267,63.11,1
drift,268,66.72,1
drift,269,64.63,1
drift,270,65.15,1
drift,271,66.5,1
drift,272,67.03,1
drift,273,64.69,1
drift,274,61.3,1
drift,275,60.68,1
drift,276,58.99,1
drift,277,56.37,1
drift,278,54.27,1
drift,279,53.21,1
drift,280,51.65,1
drift,281,52.16,1
drift,282,51.67,1
drift,283,50.96,1
drift,284,53.01,1
drift,285,54.74,1
drift,286,55.81,1
drift,287,58.36,1
drift,288,61.19,1
drift,289,61.49,1
drift,290,63.73,1
drift,291,67.74,1
drift,292,66.04,1
drift,293,68.35,1
drift,294,69.23,1
drift,295,69.64,1
drift,296,68.6,1
drift,297,66.53,1
drift,298,66.11,1
drift,299,62.35,1
level_shift,0,49.97,0
level_shift,1,51.41,0
level_shift,2,52.68,0
level_shift,3,55.22,0
level_shift,4,58.64,0
level_shift,5,56.67,0
level_shift,6,56.93,0
level_shift,7,58.12,0
level_shift,8,58.15,0
level_shift,9,56.34,0
level_shift,10,54.42,0
level_shift,11,51.92,0
level_shift,12,51.81,0
level_shift,13,46.01,0
level_shift,14,44.83,0
level_shift,15,44.51,0
level_shift,16,43.73,0
level_shift,17,43.28,0
level_shift,18,43.07,0
level_shift,19,40.21,0
level_shift,20,43.88,0
level_shift,21,42.61,0
level_shift,22,45.68,0
level_shift,23,47.49,0
level_shift,24,49.69,0
level_shift,25,50.5,0
level_shift,26,52.47,0
level_shift,27,55.06,0
level_shift,28,56.62,0
level_shift,29,58.0,0
level_shift,30,58.46,0
level_shift,31,58.75,0
level_shift,32,56.8,0
level_shift,33,54.8,0
level_shift,34,54.2,0
level_shift,35,51.69,0
level_shift,36,50.25,0
level_shift,37,48.21,0
level_shift,38,43.6,0
level_shift,39,45.64,0
level_shift,40,42.22,0
level_shift,41,42.09,0
level_shift,42,40.27,0
level_shift,43,43.07,0
level_shift,44,42.32,0
level_shift,45,43.7,0
level_shift,46,46.78,0
level_shift,47,48.83,0
level_shift,48,50.58,0
level_shift,49,51.38,0
level_shift,50,52.53,0
level_shift,51,55.52,0
level_shift,52,56.81,0
level_shift,53,56.66,0
level_shift,54,56.63,0
level_shift,55,58.57,0
level_shift,56,57.36,0
level_shift,57,56.05,0
level_shift,58,52.0,0
level_shift,59,52.75,0
level_shift,60,49.48,0
level_shift,61,49.15,0
level_shift,62,45.41,0
level_shift,63,44.32,0
level_shift,64,44.04,0
level_shift,65,43.24,0
level_shift,66,41.57,0
level_shift,67,41.12,0
level_shift,68,42.04,0
level_shift,69,44.21,0
level_shift,70,47.5,0
level_shift,71,48.67,0
level_shift,72,49.22,0
level_shift,73,52.19,0
level_shift,74,54.19,0
level_shift,75,56.42,0
level_shift,76,56.93,0
level_shift,77,57.68,0
level_shift,78,58.25,0
level_shift,79,57.11,0
level_shift,80,58.02,0
level_shift,81,55.91,0
level_shift,82,52.98,0
level_shift,83,51.75,0
level_shift,84,49.23,0
level_shift,85,48.29,0
level_shift,86,46.32,0
level_shift,87,43.15,0
level_shift,88,43.04,0
level_shift,89,41.94,0
level_shift,90,40.73,0
level_shift,91,41.1,0
level_shift,92,42.94,0
level_shift,93,44.89,0
level_shift,94,45.05,0
level_shift,95,46.94,0
level_shift,96,51.45,0
level_shift,97,54.8,0
level_shift,98,54.69,0
level_shift,99,54.92,0
level_shift,100,57.57,0
level_shift,101,56.94,0
level_shift,102,57.37,0
level_shift,103,57.74,0
level_shift,104,56.48,0
level_shift,105,55.74,0
level_shift,106,57.0,0
level_shift,107,50.2,0
level_shift,108,51.14,0
level_shift,109,47.46,0
level_shift,110,46.34,0
level_shift,111,44.4,0
level_shift,112,40.67,0
level_shift,113,40.53,0
level_shift,114,42.59,0
level_shift,115,41.4,0
level_shift,116,43.69,0
level_shift,117,43.17,0
level_shift,118,45.89,0
level_shift,119,48.18,0
level_shift,120,49.22,0
level_shift,121,53.04,0
level_shift,122,53.82,0
level_shift,123,56.04,0
level_shift,124,57.88,0
level_shift,125,57.11,0
level_shift,126,59.55,0
level_shift,127,56.24,0
level_shift,128,57.31,0
level_shift,129,55.09,0
level_shift,130,52.83,0
level_shift,131,52.08,0
level_shift,132,49.71,0
level_shift,133,48.37,0
level_shift,134,46.33,0
level_shift,135,42.89,0
level_shift,136,43.34,0
level_shift,137,42.18,0
level_shift,138,41.44,0
level_shift,139,42.59,0
level_shift,140,41.87,0
level_shift,141,47.46,0
level_shift,142,45.33,0
level_shift,143,50.6,0
level_shift,144,50.87,0
level_shift,145,49.28,0
level_shift,146,53.76,0
level_shift,147,55.22,0
level_shift,148,56.72,0
level_shift,149,56.09,0
level_shift,150,58.49,0
level_shift,151,57.71,0
level_shift,152,57.17,0
level_shift,153,54.7,0
level_shift,154,55.39,0
level_shift,155,51.77,0
level_shift,156,49.09,0
level_shift,157,49.31,0
level_shift,158,44.61,0
level_shift,159,43.99,0
level_shift,160,41.89,0
level_shift,161,41.77,0
level_shift,162,41.46,0
level_shift,163,43.81,0
level_shift,164,44.31,0
level_shift,165,43.79,0
level_shift,166,44.06,0
level_shift,167,48.62,0
level_shift,168,50.72,0
level_shift,169,53.65,0
level_shift,170,53.35,0
level_shift,171,55.24,0
level_shift,172,57.44,0
level_shift,173,56.2,0
level_shift,174,57.65,0
level_shift,175,58.88,0
level_shift,176,57.73,0
level_shift,177,56.82,0
level_shift,178,54.19,0
level_shift,179,50.27,0
level_shift,180,48.19,0
level_shift,181,47.92,0
level_shift,182,45.8,0
level_shift,183,44.0,0
level_shift,184,43.32,0
level_shift,185,41.68,0
level_shift,186,42.72,0
level_shift,187,41.68,0
level_shift,188,44.0,0
level_shift,189,44.54,0
level_shift,190,45.46,0
level_shift,191,49.26,0
level_shift,192,50.38,0
level_shift,193,52.56,0
level_shift,194,54.9,0
level_shift,195,53.44,0
level_shift,196,56.86,0
level_shift,197,57.61,0
level_shift,198,59.27,0
level_shift,199,56.66,0
level_shift,200,54.69,0
level_shift,201,54.93,0
level_shift,202,53.79,0
level_shift,203,52.55,0
level_shift,204,51.77,0
level_shift,205,47.4,0
level_shift,206,44.82,0
level_shift,207,44.64,0
level_shift,208,41.33,0
level_shift,209,42.48,0
level_shift,210,40.15,0
level_shift,211,41.67,0
level_shift,212,43.46,0
level_shift,213,44.96,0
level_shift,214,47.17,0
level_shift,215,46.61,0
level_shift,216,48.79,0
level_shift,217,52.79,0
level_shift,218,53.76,0
level_shift,219,56.78,0
level_shift,220,56.96,0
level_shift,221,57.23,0
level_shift,222,66.0,1
level_shift,223,66.71,1
level_shift,224,65.03,1
level_shift,225,65.04,1
level_shift,226,61.78,1
level_shift,227,60.95,1
level_shift,228,59.72,1
level_shift,229,57.62,1
level_shift,230,56.51,1
level_shift,231,53.41,1
level_shift,232,51.45,1
level_shift,233,51.7,1
level_shift,234,53.95,1
level_shift,235,51.01,1
level_shift,236,52.25,1
level_shift,237,52.22,1
level_shift,238,56.18,1
level_shift,239,57.0,1
level_shift,240,60.29,1
level_shift,241,62.19,1
level_shift,242,63.13,1
level_shift,243,64.15,1
level_shift,244,66.92,1
level_shift,245,66.86,1
level_shift,246,67.51,1
level_shift,247,66.49,1
level_shift,248,64.67,1
level_shift,249,65.2,1
level_shift,250,63.69,1
level_shift,251,62.08,1
level_shift,252,58.14,1
level_shift,253,58.17,1
level_shift,254,55.87,1
level_shift,255,53.9,1
level_shift,256,50.73,1
level_shift,257,51.37,1
level_shift,258,53.67,1
level_shift,259,49.38,1
level_shift,260,53.8,1
level_shift,261,53.1,1
level_shift,262,55.08,1
level_shift,263,56.04,1
level_shift,264,59.07,1
level_shift,265,60.1,1
level_shift,266,62.68,1
level_shift,267,64.35,1
level_shift,268,64.76,1
level_shift,269,65.14,1
level_shift,270,67.29,1
level_shift,271,66.44,1
level_shift,272,65.32,1
level_shift,273,63.28,1
level_shift,274,63.46,1
level_shift,275,61.94,1
level_shift,276,59.98,1
level_shift,277,58.57,1
level_shift,278,56.16,1
level_shift,279,52.38,1
level_shift,280,51.57,1
level_shift,281,52.03,1
level_shift,282,50.98,1
level_shift,283,51.86,1
level_shift,284,52.03,1
level_shift,285,54.95,1
level_shift,286,55.51,1
level_shift,287,57.55,1
level_shift,288,58.25,1
level_shift,289,60.52,1
level_shift,290,63.54,1
level_shift,291,64.54,1
level_shift,292,64.54,1
level_shift,293,66.66,1
level_shift,294,66.53,1
level_shift,295,66.89,1
level_shift,296,64.81,1
level_shift,297,63.5,1
level_shift,298,63.23,1
level_shift,299,60.01,1
growing_variance,0,50.91,0
growing_variance,1,53.39,0
growing_variance,2,53.55,0
growing_variance,3,56.03,0
growing_variance,4,57.68,0
growing_variance,5,55.11,0
growing_variance,6,58.18,0
growing_variance,7,57.55,0
growing_variance,8,56.41,0
growing_variance,9,56.91,0
growing_variance,10,55.27,0
growing_variance,11,51.49,0
growing_variance,12,49.11,0
growing_variance,13,48.34,0
growing_variance,14,45.8,0
growing_variance,15,44.82,0
growing_variance,16,44.25,0
growing_variance,17,43.44,0
growing_variance,18,42.31,0
growing_variance,19,40.57,0
growing_variance,20,42.92,0
growing_variance,21,45.22,0
growing_variance,22,46.5,0
growing_variance,23,48.34,0
growing_variance,24,47.63,0
growing_variance,25,50.64,0
growing_variance,26,53.55,0
growing_variance,27,55.43,0
growing_variance,28,59.21,0
growing_variance,29,56.72,0
growing_variance,30,58.05,0
growing_variance,31,57.39,0
growing_variance,32,56.15,0
growing_variance,33,55.62,0
growing_variance,34,54.88,0
growing_variance,35,53.02,0
growing_variance,36,49.1,0
growing_variance,37,48.21,0
growing_variance,38,48.18,0
growing_variance,39,44.65,0
growing_variance,40,41.63,0
growing_variance,41,40.75,0
growing_variance,42,42.82,0
growing_variance,43,42.91,0
growing_variance,44,43.67,0
growing_variance,45,45.38,0
growing_variance,46,43.15,0
growing_variance,47,47.71,0
growing_variance,48,49.52,0
growing_variance,49,53.93,0
growing_variance,50,53.14,0
growing_variance,51,55.06,0
growing_variance,52,58.17,0
growing_variance,53,57.24,0
growing_variance,54,56.96,0
growing_variance,55,59.51,0
growing_variance,56,57.83,0
growing_variance,57,55.8,0
growing_variance,58,54.74,0
growing_variance,59,52.93,0
growing_variance,60,51.24,0
growing_variance,61,47.53,0
growing_variance,62,46.23,0
growing_variance,63,44.3,0
growing_variance,64,43.47,0
growing_variance,65,42.06,0
growing_variance,66,42.16,0
growing_variance,67,42.93,0
growing_variance,68,42.95,0
growing_variance,69,43.68,0
growing_variance,70,46.8,0
growing_variance,71,47.42,0
growing_variance,72,49.41,0
growing_variance,73,52.35,0
growing_variance,74,54.85,0
growing_variance,75,57.86,0
growing_variance,76,55.81,0
growing_variance,77,56.9,0
growing_variance,78,57.2,0
growing_variance,79,57.0,0
growing_variance,80,54.7,0
growing_variance,81,56.65,0
growing_variance,82,53.36,0
growing_variance,83,51.82,0
growing_variance,84,51.24,0
growing_variance,85,46.16,0
growing_variance,86,45.55,0
growing_variance,87,45.3,0
growing_variance,88,43.39,0
growing_variance,89,41.93,0
growing_variance,90,42.13,0
growing_variance,91,43.72,0
growing_variance,92,41.43,0
growing_variance,93,46.14,0
growing_variance,94,46.49,0
growing_variance,95,47.45,0
growing_variance,96,51.27,0
growing_variance,97,51.33,0
growing_variance,98,54.68,0
growing_variance,99,57.1,0
growing_variance,100,57.22,0
growing_variance,101,56.6,0
growing_variance,102,57.63,0
growing_variance,103,56.43,0
growing_variance,104,58.75,0
growing_variance,105,54.21,0
growing_variance,106,53.78,0
growing_variance,107,51.64,0
growing_variance,108,49.32,0
growing_variance,109,50.73,0
growing_variance,110,46.34,0
growing_variance,111,44.97,0
growing_variance,112,42.39,0
growing_variance,113,43.9,0
growing_variance,114,41.29,0
growing_variance,115,42.16,0
growing_variance,116,43.56,0
growing_variance,117,45.19,0
growing_variance,118,44.93,0
growing_variance,119,48.61,0
growing_variance,120,49.58,0
growing_variance,121,53.23,0
growing_variance,122,53.24,0
growing_variance,123,54.89,0
growing_variance,124,57.57,0
growing_variance,125,58.01,0
growing_variance,126,58.32,0
growing_variance,127,59.44,0
growing_variance,128,56.7,0
growing_variance,129,56.74,0
growing_variance,130,53.54,0
growing_variance,131,52.72,0
growing_variance,132,51.29,0
growing_variance,133,47.12,0
growing_variance,134,47.49,0
growing_variance,135,44.49,0
growing_variance,136,43.59,0
growing_variance,137,41.77,0
growing_variance,138,41.97,0
growing_variance,139,41.26,0
growing_variance,140,42.77,0
growing_variance,141,43.79,0
growing_variance,142,46.66,0
growing_variance,143,48.79,0
growing_variance,144,50.83,0
growing_variance,145,50.98,0
growing_variance,146,54.29,0
growing_variance,147,55.64,0
growing_variance,148,56.61,0
growing_variance,149,57.81,0
growing_variance,150,57.03,0
growing_variance,151,57.79,0
growing_variance,152,57.01,0
growing_variance,153,54.37,0
growing_variance,154,53.22,0
growing_variance,155,52.85,0
growing_variance,156,49.15,0
growing_variance,157,47.46,0
growing_variance,158,45.88,0
growing_variance,159,44.41,0
growing_variance,160,42.38,0
growing_variance,161,41.1,0
growing_variance,162,42.24,0
growing_variance,163,43.43,0
growing_variance,164,41.75,0
growing_variance,165,44.65,0
growing_variance,166,45.67,0
growing_variance,167,49.24,0
growing_variance,168,49.39,0
growing_variance,169,52.97,0
growing_variance,170,53.61,0
growing_variance,171,57.37,0
growing_variance,172,56.0,0
growing_variance,173,57.34,0
growing_variance,174,58.1,0
growing_variance,175,57.7,0
growing_variance,176,56.39,0
growing_variance,177,56.78,0
growing_variance,178,54.42,0
growing_variance,179,53.2,0
growing_variance,180,49.49,0
growing_variance,181,47.91,0
growing_variance,182,45.05,0
growing_variance,183,43.49,0
growing_variance,184,41.06,0
growing_variance,185,43.65,0
growing_variance,186,42.55,0
growing_variance,187,42.2,0
growing_variance,188,42.31,0
growing_variance,189,43.61,0
growing_variance,190,46.6,0
growing_variance,191,48.74,0
growing_variance,192,51.43,0
growing_variance,193,53.57,0
growing_variance,194,54.9,0
growing_variance,195,53.99,0
growing_variance,196,56.61,0
growing_variance,197,56.92,0
growing_variance,198,58.5,1
growing_variance,199,58.19,1
growing_variance,200,58.1,1
growing_variance,201,54.51,1
growing_variance,202,54.91,1
growing_variance,203,51.59,1
growing_variance,204,49.78,1
growing_variance,205,46.15,1
growing_variance,206,45.65,1
growing_variance,207,44.27,1
growing_variance,208,41.24,1
growing_variance,209,38.75,1
growing_variance,210,40.75,1
growing_variance,211,43.06,1
growing_variance,212,40.98,1
growing_variance,213,46.79,1
growing_variance,214,42.11,1
growing_variance,215,46.9,1
growing_variance,216,50.16,1
growing_variance,217,53.4,1
growing_variance,218,51.6,1
growing_variance,219,57.39,1
growing_variance,220,57.71,1
growing_variance,221,62.34,1
growing_variance,222,56.54,1
growing_variance,223,60.11,1
growing_variance,224,57.98,1
growing_variance,225,63.93,1
growing_variance,226,53.14,1
growing_variance,227,54.71,1
growing_variance,228,54.74,1
growing_variance,229,45.94,1
growing_variance,230,44.98,1
growing_variance,231,47.32,1
growing_variance,232,31.95,1
growing_variance,233,43.68,1
growing_variance,234,46.2,1
growing_variance,235,45.23,1
growing_variance,236,44.96,1
growing_variance,237,45.56,1
growing_variance,238,46.53,1
growing_variance,239,36.82,1
growing_variance,240,43.72,1
growing_variance,241,51.71,1
growing_variance,242,56.97,1
growing_variance,243,54.16,1
growing_variance,244,49.36,1
growing_variance,245,52.62,1
growing_variance,246,67.65,1
growing_variance,247,64.79,1
growing_variance,248,58.94,1
growing_variance,249,57.08,1
growing_variance,250,59.55,1
growing_variance,251,61.72,1
growing_variance,252,49.92,1
growing_variance,253,51.22,1
growing_variance,254,43.57,1
growing_variance,255,45.25,1
growing_variance,256,39.73,1
growing_variance,257,46.24,1
growing_variance,258,52.87,1
growing_variance,259,41.86,1
growing_variance,260,45.66,1
growing_variance,261,47.21,1
growing_variance,262,49.25,1
growing_variance,263,50.92,1
growing_variance,264,48.35,1
growing_variance,265,37.02,1
growing_variance,266,63.03,1
growing_variance,267,49.38,1
growing_variance,268,61.42,1
growing_variance,269,51.42,1
growing_variance,270,48.08,1
growing_variance,271,56.17,1
growing_variance,272,66.99,1
growing_variance,273,51.06,1
growing_variance,274,43.9,1
growing_variance,275,38.53,1
growing_variance,276,38.38,1
growing_variance,277,42.17,1
growing_variance,278,40.89,1
growing_variance,279,37.4,1
growing_variance,280,43.78,1
growing_variance,281,34.15,1
growing_variance,282,32.7,1
growing_variance,283,22.0,1
growing_variance,284,37.39,1
growing_variance,285,36.79,1
growing_variance,286,41.93,1
growing_variance,287,42.62,1
growing_variance,288,37.46,1
growing_variance,289,50.5,1
growing_variance,290,69.96,1
growing_variance,291,66.25,1
growing_variance,292,46.36,1
growing_variance,293,69.04,1
growing_variance,294,77.97,1
growing_variance,295,63.27,1
growing_variance,296,69.13,1
growing_variance,297,58.49,1
growing_variance,298,47.59,1
growing_variance,299,50.55,1
bearing_oscillation,0,49.53,0
bearing_oscillation,1,53.87,0
bearing_oscillation,2,53.28,0
bearing_oscillation,3,54.92,0
bearing_oscillation,4,57.65,0
bearing_oscillation,5,58.18,0
bearing_oscillation,6,57.99,0
bearing_oscillation,7,58.68,0
bearing_oscillation,8,56.94,0
bearing_oscillation,9,55.67,0
bearing_oscillation,10,54.11,0
bearing_oscillation,11,53.42,0
bearing_oscillation,12,49.88,0
bearing_oscillation,13,47.95,0
bearing_oscillation,14,45.47,0
bearing_oscillation,15,44.36,0
bearing_oscillation,16,42.58,0
bearing_oscillation,17,41.62,0
bearing_oscillation,18,41.14,0
bearing_oscillation,19,41.85,0
bearing_oscillation,20,43.17,0
bearing_oscillation,21,44.89,0
bearing_oscillation,22,45.89,0
bearing_oscillation,23,47.68,0
bearing_oscillation,24,48.74,0
bearing_oscillation,25,53.16,0
bearing_oscillation,26,54.98,0
bearing_oscillation,27,55.29,0
bearing_oscillation,28,56.5,0
bearing_oscillation,29,56.34,0
bearing_oscillation,30,58.05,0
bearing_oscillation,31,56.3,0
bearing_oscillation,32,56.1,0
bearing_oscillation,33,54.73,0
bearing_oscillation,34,54.98,0
bearing_oscillation,35,53.12,0
bearing_oscillation,36,48.32,0
bearing_oscillation,37,48.2,0
bearing_oscillation,38,46.99,0
bearing_oscillation,39,43.86,0
bearing_oscillation,40,42.36,0
bearing_oscillation,41,41.02,0
bearing_oscillation,42,45.05,0
bearing_oscillation,43,42.53,0
bearing_oscillation,44,42.8,0
bearing_oscillation,45,44.06,0
bearing_oscillation,46,45.9,0
bearing_oscillation,47,48.4,0
bearing_oscillation,48,49.51,0
bearing_oscillation,49,52.76,0
bearing_oscillation,50,55.38,0
bearing_oscillation,51,55.55,0
bearing_oscillation,52,56.5,0
bearing_oscillation,53,58.01,0
bearing_oscillation,54,57.38,0
bearing_oscillation,55,57.78,0
bearing_oscillation,56,57.92,0
bearing_oscillation,57,55.4,0
bearing_oscillation,58,53.71,0
bearing_oscillation,59,51.39,0
bearing_oscillation,60,50.55,0
bearing_oscillation,61,46.73,0
bearing_oscillation,62,46.53,0
bearing_oscillation,63,42.63,0
bearing_oscillation,64,44.12,0
bearing_oscillation,65,43.25,0
bearing_oscillation,66,41.95,0
bearing_oscillation,67,42.36,0
bearing_oscillation,68,42.15,0
bearing_oscillation,69,44.0,0
bearing_oscillation,70,46.0,0
bearing_oscillation,71,49.63,0
bearing_oscillation,72,51.38,0
bearing_oscillation,73,50.17,0
bearing_oscillation,74,52.96,0
bearing_oscillation,75,54.87,0
bearing_oscillation,76,58.58,0
bearing_oscillation,77,58.2,0
bearing_oscillation,78,58.44,0
bearing_oscillation,79,57.95,0
bearing_oscillation,80,55.71,0
bearing_oscillation,81,56.98,0
bearing_oscillation,82,53.46,0
bearing_oscillation,83,51.93,0
bearing_oscillation,84,49.45,0
bearing_oscillation,85,48.87,0
bearing_oscillation,86,46.13,0
bearing_oscillation,87,43.62,0
bearing_oscillation,88,42.41,0
bearing_oscillation,89,42.57,0
bearing_oscillation,90,44.16,0
bearing_oscillation,91,43.13,0
bearing_oscillation,92,42.52,0
bearing_oscillation,93,44.19,0
bearing_oscillation,94,46.98,0
bearing_oscillation,95,50.72,0
bearing_oscillation,96,51.13,0
bearing_oscillation,97,50.79,0
bearing_oscillation,98,55.15,0
bearing_oscillation,99,55.69,0
bearing_oscillation,100,56.8,0
bearing_oscillation,101,59.65,0
bearing_oscillation,102,58.67,0
bearing_oscillation,103,58.27,0
bearing_oscillation,104,56.66,0
bearing_oscillation,105,56.39,0
bearing_oscillation,106,53.66,0
bearing_oscillation,107,50.56,0
bearing_oscillation,108,50.35,0
bearing_oscillation,109,47.71,0
bearing_oscillation,110,46.83,0
bearing_oscillation,111,45.25,0
bearing_oscillation,112,43.57,0
bearing_oscillation,113,42.25,0
bearing_oscillation,114,40.15,0
bearing_oscillation,115,42.24,0
bearing_oscillation,116,43.41,0
bearing_oscillation,117,45.59,0
bearing_oscillation,118,47.21,0
bearing_oscillation,119,47.99,0
bearing_oscillation,120,52.15,0
bearing_oscillation,121,51.88,0
bearing_oscillation,122,51.25,0
bearing_oscillation,123,54.62,0
bearing_oscillation,124,56.65,0
bearing_oscillation,125,55.88,0
bearing_oscillation,126,57.41,0
bearing_oscillation,127,58.53,0
bearing_oscillation,128,57.94,0
bearing_oscillation,129,57.55,0
bearing_oscillation,130,54.67,0
bearing_oscillation,131,50.87,0
bearing_oscillation,132,51.21,0
bearing_oscillation,133,47.18,0
bearing_oscillation,134,47.31,0
bearing_oscillation,135,45.23,0
bearing_oscillation,136,41.34,0
bearing_oscillation,137,42.01,0
bearing_oscillation,138,41.64,0
bearing_oscillation,139,43.31,0
bearing_oscillation,140,42.48,0
bearing_oscillation,141,45.49,0
bearing_oscillation,142,47.44,0
bearing_oscillation,143,47.32,0
bearing_oscillation,144,50.74,0
bearing_oscillation,145,50.6,0
bearing_oscillation,146,54.41,0
bearing_oscillation,147,55.35,0
bearing_oscillation,148,55.91,0
bearing_oscillation,149,57.85,0
bearing_oscillation,150,56.27,0
bearing_oscillation,151,58.06,0
bearing_oscillation,152,56.98,0
bearing_oscillation,153,55.78,0
bearing_oscillation,154,54.09,0
bearing_oscillation,155,52.94,0
bearing_oscillation,156,49.77,0
bearing_oscillation,157,47.65,0
bearing_oscillation,158,46.78,0
bearing_oscillation,159,43.85,0
bearing_oscillation,160,44.85,0
bearing_oscillation,161,43.8,0
bearing_oscillation,162,42.11,0
bearing_oscillation,163,42.59,0
bearing_oscillation,164,44.13,0
bearing_oscillation,165,43.59,0
bearing_oscillation,166,47.0,0
bearing_oscillation,167,48.17,0
bearing_oscillation,168,50.47,0
bearing_oscillation,169,52.28,0
bearing_oscillation,170,53.13,0
bearing_oscillation,171,54.7,0
bearing_oscillation,172,57.57,0
bearing_oscillation,173,57.47,0
bearing_oscillation,174,59.59,0
bearing_oscillation,175,58.59,0
bearing_oscillation,176,57.25,0
bearing_oscillation,177,57.21,0
bearing_oscillation,178,54.8,0
bearing_oscillation,179,53.96,0
bearing_oscillation,180,49.44,0
bearing_oscillation,181,48.1,0
bearing_oscillation,182,47.4,0
bearing_oscillation,183,45.01,0
bearing_oscillation,184,42.64,0
bearing_oscillation,185,42.25,0
bearing_oscillation,186,41.9,0
bearing_oscillation,187,42.58,0
bearing_oscillation,188,41.41,0
bearing_oscillation,189,45.17,0
bearing_oscillation,190,47.23,0
bearing_oscillation,191,47.66,0
bearing_oscillation,192,49.37,0
bearing_oscillation,193,51.54,0
bearing_oscillation,194,54.6,0
bearing_oscillation,195,53.59,0
bearing_oscillation,196,58.23,0
bearing_oscillation,197,56.68,0
bearing_oscillation,198,58.72,0
bearing_oscillation,199,58.7,0
bearing_oscillation,200,57.43,0
bearing_oscillation,201,57.12,0
bearing_oscillation,202,53.48,0
bearing_oscillation,203,52.82,0
bearing_oscillation,204,51.15,0
bearing_oscillation,205,47.18,0
bearing_oscillation,206,45.54,0
bearing_oscillation,207,43.82,0
bearing_oscillation,208,44.02,0
bearing_oscillation,209,41.09,0
bearing_oscillation,210,41.73,0
bearing_oscillation,211,41.95,0
bearing_oscillation,212,42.06,0
bearing_oscillation,213,45.63,0
bearing_oscillation,214,43.85,0
bearing_oscillation,215,48.98,0
bearing_oscillation,216,52.71,0
bearing_oscillation,217,52.2,0
bearing_oscillation,218,52.96,0
bearing_oscillation,219,54.74,0
bearing_oscillation,220,58.57,0
bearing_oscillation,221,57.59,0
bearing_oscillation,222,58.06,1
bearing_oscillation,223,57.25,1
bearing_oscillation,224,57.7,1
bearing_oscillation,225,55.34,1
bearing_oscillation,226,53.49,1
bearing_oscillation,227,51.23,1
bearing_oscillation,228,49.54,1
bearing_oscillation,229,48.42,1
bearing_oscillation,230,49.08,1
bearing_oscillation,231,45.61,1
bearing_oscillation,232,41.79,1
bearing_oscillation,233,45.92,1
bearing_oscillation,234,43.86,1
bearing_oscillation,235,40.49,1
bearing_oscillation,236,43.5,1
bearing_oscillation,237,47.06,1
bearing_oscillation,238,43.27,1
bearing_oscillation,239,49.24,1
bearing_oscillation,240,52.8,1
bearing_oscillation,241,47.88,1
bearing_oscillation,242,54.0,1
bearing_oscillation,243,58.54,1
bearing_oscillation,244,52.14,1
bearing_oscillation,245,59.46,1
bearing_oscillation,246,60.82,1
bearing_oscillation,247,53.59,1
bearing_oscillation,248,58.14,1
bearing_oscillation,249,60.78,1
bearing_oscillation,250,49.68,1
bearing_oscillation,251,52.32,1
bearing_oscillation,252,52.89,1
bearing_oscillation,253,45.51,1
bearing_oscillation,254,45.11,1
bearing_oscillation,255,48.69,1
bearing_oscillation,256,40.43,1
bearing_oscillation,257,37.88,1
bearing_oscillation,258,48.05,1
bearing_oscillation,259,42.4,1
bearing_oscillation,260,39.33,1
bearing_oscillation,261,48.76,1
bearing_oscillation,262,46.58,1
bearing_oscillation,263,43.38,1
bearing_oscillation,264,55.03,1
bearing_oscillation,265,52.68,1
bearing_oscillation,266,50.1,1
bearing_oscillation,267,60.55,1
bearing_oscillation,268,58.94,1
bearing_oscillation,269,50.18,1
bearing_oscillation,270,62.13,1
bearing_oscillation,271,61.03,1
bearing_oscillation,272,49.02,1
bearing_oscillation,273,59.41,1
bearing_oscillation,274,58.28,1
bearing_oscillation,275,44.14,1
bearing_oscillation,276,50.73,1
bearing_oscillation,277,52.72,1
bearing_oscillation,278,39.11,1
bearing_oscillation,279,44.41,1
bearing_oscillation,280,51.2,1
bearing_oscillation,281,34.47,1
bearing_oscillation,282,39.17,1
bearing_oscillation,283,50.87,1
bearing_oscillation,284,36.84,1
bearing_oscillation,285,39.73,1
bearing_oscillation,286,54.19,1
bearing_oscillation,287,43.58,1
bearing_oscillation,288,44.92,1
bearing_oscillation,289,61.93,1
bearing_oscillation,290,50.15,1
bearing_oscillation,291,47.99,1
bearing_oscillation,292,64.55,1
bearing_oscillation,293,55.57,1
bearing_oscillation,294,49.25,1
bearing_oscillation,295,65.14,1
bearing_oscillation,296,55.9,1
bearing_oscillation,297,45.98,1
bearing_oscillation,298,62.03,1
bearing_oscillation,299,55.49,1
