id,x1,x2,x3,x4,x5,y
1,0.305,-1.04,0.75,0.941,-1.951,6.651
2,-1.302,0.128,-0.316,-0.017,-0.853,0.066
3,0.879,0.778,0.066,1.127,0.468,3.276
4,-0.859,0.369,-0.959,0.878,-0.05,4.261
5,-0.185,-0.681,1.223,-0.155,-0.428,7.441
6,-0.352,0.532,0.365,0.413,0.431,3.866
7,2.142,-0.406,-0.512,-0.814,0.616,8.704
8,1.129,-0.114,-0.84,-0.824,0.651,8.31
9,0.743,0.543,-0.666,0.232,0.117,5.84
10,0.219,0.871,0.224,0.679,0.068,3.642
11,0.289,0.631,-1.457,-0.32,-0.47,5.461
12,-0.639,-0.275,1.495,-0.866,0.968,3.851
13,-1.683,-0.335,0.163,0.586,0.711,1.506
14,0.793,-0.349,-0.462,0.858,-0.191,7.566
15,-1.276,-1.133,-0.919,0.497,0.142,3.362
16,0.69,-0.427,0.159,0.626,-0.309,3.82
17,0.457,-0.662,-0.363,-0.382,-1.196,6.459
18,0.487,-0.469,0.012,0.481,0.447,5.228
19,0.665,-0.098,-0.423,-0.08,-1.687,3.921
20,-1.447,-1.323,-0.997,0.4,-0.905,5.286
21,-0.378,1.299,-0.356,0.738,-0.934,3.309
22,-0.205,-0.95,-0.339,0.84,-1.727,7.235
23,0.434,0.238,-0.594,-1.446,0.072,5.041
24,-0.529,0.233,0.022,1.602,-0.239,4.283
25,-1.023,0.179,0.22,1.359,0.835,1.137
26,0.357,1.463,-1.189,-0.64,-0.927,2.562
27,-0.39,-1.377,0.635,-0.222,-1.471,3.863
28,-1.016,0.314,0.838,1.997,2.914,1.492
29,0.414,-0.99,-2.132,0.268,-0.813,6.908
30,-0.415,-0.612,-0.141,1.066,0.157,2.109
31,-0.159,-1.036,-1.675,-0.486,-0.054,5.391
32,1.768,0.13,0.983,-0.499,-1.185,8.066
33,-0.965,-0.725,2.128,-0.821,0.838,5.589
34,-0.903,0.932,0.385,-0.157,-0.041,1.407
35,-0.655,0.446,-0.455,-1.226,-1.278,1.577
36,0.173,1.579,0.16,-0.119,0.286,1.962
37,1.306,0.219,-0.411,1.106,0.429,6.936
38,1.536,0.183,-1.224,-1.368,1.651,7.205
39,1.724,-0.18,-0.383,1.461,-1.107,7.009
40,-0.895,0.643,-0.395,-0.005,-0.163,0.379
41,0.338,1.407,0.091,0.644,-2.05,1.191
42,-0.049,-0.843,-1.219,-0.878,-0.334,3.521
43,0.916,-1.326,0.031,-0.484,-0.328,9.444
44,1.003,0.538,1.337,-0.155,-0.696,6.125
45,-0.224,0.242,0.177,-1.084,0.09,0.324
46,0.228,2.517,1.877,-0.853,-0.287,-0.145
47,-1.463,-0.591,0.316,1.206,-0.729,2.898
48,-0.654,-2.147,-0.163,-1.062,-0.529,7.819
49,-0.877,-0.094,-1.758,-1.467,2.129,3.516
50,-1.287,-1.097,1.837,2.905,-1.172,2.814
51,-0.368,0.342,1.729,-0.987,-0.245,1.197
52,0.777,0.435,-0.376,-0.134,-1.375,3.535
53,-0.238,-0.266,0.232,-0.555,0.472,4.401
54,1.013,0.155,0.352,0.053,0.0,6.821
55,-0.722,0.316,-0.097,2.093,1.573,3.557
56,0.386,-0.763,-1.112,1.191,0.263,7.988
57,0.48,-1.745,0.927,0.454,-1.11,8.142
58,-0.472,0.264,0.052,-0.292,-0.103,0.48
59,-0.252,0.153,1.471,-2.567,-0.237,2.617
60,0.177,0.296,-0.372,-1.757,0.328,4.234
61,1.727,-1.534,0.864,-0.329,-0.061,10.776
62,-1.053,-0.334,1.3,0.583,1.732,1.103
63,1.177,0.439,1.744,0.439,0.828,6.533
64,-0.297,0.067,-0.697,0.99,-1.178,2.383
65,0.782,-0.191,1.171,0.751,1.821,5.357
66,0.731,-1.572,-0.067,-1.172,-0.518,9.124
67,1.511,0.638,-0.699,-1.014,0.033,6.028
68,-1.217,-0.671,0.312,1.155,0.609,2.533
69,-2.291,0.304,0.072,0.414,1.616,-1.866
70,-2.063,-0.591,0.591,-1.582,1.476,-1.803
71,0.368,0.847,-0.571,0.814,1.068,2.675
72,0.233,0.234,0.27,-0.863,-0.148,6.317
73,-0.153,0.383,1.0,-1.059,-0.125,1.185
74,1.481,-0.744,-0.822,0.202,0.844,5.867
75,0.011,1.329,0.857,0.842,0.554,-1.156
76,2.328,-0.205,-2.004,1.604,-0.458,10.232
77,0.108,1.31,-1.602,-1.252,-1.601,1.959
78,-0.794,0.44,0.524,0.276,-1.413,1.047
79,-2.31,0.054,-0.472,0.459,0.702,-0.052
80,0.138,0.76,0.229,0.53,-0.705,-1.032
81,-0.18,0.197,0.821,-0.394,0.521,3.791
82,-0.266,-0.118,0.83,-1.993,-1.296,5.889
83,-1.482,-2.334,-0.678,0.749,-0.285,2.803
84,0.198,1.089,1.328,-0.069,1.354,1.964
85,0.092,-0.837,-0.594,-1.481,-0.888,4.608
86,-0.358,0.804,1.721,-1.382,0.393,0.317
87,-1.041,0.475,-0.131,-1.831,0.928,0.055
88,-0.605,-0.534,-1.07,-0.654,0.428,5.59
89,-0.189,0.329,0.362,1.321,-0.343,5.691
90,-1.477,1.067,-0.331,1.115,0.383,-2.117
91,-0.131,0.349,1.951,2.077,0.069,5.902
92,0.16,1.076,-0.846,0.333,-0.026,2.517
93,0.314,-0.833,-1.59,-2.073,-1.117,8.915
94,-0.459,-0.293,1.937,1.106,-0.962,3.241
95,0.348,-0.407,-0.284,0.185,0.619,5.799
96,-0.339,1.064,-1.142,0.006,2.598,1.785
97,0.223,1.433,0.092,0.581,-0.057,6.746
98,-0.17,-0.779,0.43,-0.852,0.666,6.254
99,1.085,0.367,-0.286,0.454,-0.309,4.993
100,0.936,-1.831,-0.336,-1.991,-1.495,11.089
101,1.364,0.895,-0.719,-1.503,-2.965,5.256
102,-0.543,2.42,0.435,-0.56,0.465,-2.45
103,-1.561,-0.297,0.099,-0.086,0.791,1.996
104,0.345,0.668,-0.688,0.898,1.629,3.705
105,-0.97,-0.888,1.336,-0.191,1.404,3.59
106,-0.443,1.455,0.131,0.258,1.565,0.296
107,-0.362,-0.941,-0.449,0.452,-1.566,5.294
108,0.637,-0.539,1.148,-2.394,-0.787,7.201
109,-1.686,-0.826,0.248,-0.179,-0.253,-1.634
110,-0.159,0.203,-1.009,0.707,0.663,4.236
111,0.385,0.557,0.296,2.035,-0.087,2.488
112,-0.307,-0.754,-1.032,-1.244,-0.889,2.425
113,-0.071,0.334,0.051,-0.766,0.9,3.134
114,0.739,-0.16,-0.653,0.548,0.188,6.262
115,-1.448,-0.068,0.262,-0.9,0.19,-0.538
116,-1.455,1.336,1.248,-0.253,0.363,-0.796
117,-2.41,-1.156,-0.294,-1.072,0.714,-1.957
118,1.997,-1.177,-0.837,0.235,1.611,10.501
119,-1.222,0.249,1.821,-1.652,-1.281,-0.382
120,-0.424,-0.521,0.813,0.242,-1.775,3.808
121,0.515,-0.578,1.274,-0.628,-0.637,6.746
122,0.541,0.763,0.448,-1.686,0.538,2.468
123,-1.034,0.235,-1.424,0.446,-0.807,2.077
124,-1.283,0.714,0.242,-0.614,1.451,-0.397
125,-0.441,0.032,0.269,-0.62,0.471,0.003
126,-0.533,-0.412,1.363,-1.041,-2.413,0.469
127,1.611,2.549,-0.405,-1.937,-0.31,3.42
128,-0.286,-0.19,-1.113,0.58,0.525,3.295
129,-1.494,0.699,2.053,0.172,-0.337,-1.15
130,-0.142,0.615,-1.731,0.164,-0.39,2.496
131,1.848,-0.174,1.668,-1.104,0.587,9.271
132,0.319,-0.869,0.177,1.213,-0.324,7.784
133,-1.692,-0.018,-0.902,-0.342,-0.082,-1.865
134,-1.706,-1.616,0.482,-0.523,-2.565,0.886
135,0.785,0.272,-0.714,-1.317,0.836,3.832
136,0.349,2.383,0.42,0.388,-0.167,1.018
137,0.817,0.625,1.252,-0.521,-0.435,6.784
138,-0.479,0.791,1.498,-0.459,-0.425,0.732
139,0.314,-0.246,0.952,-2.252,-0.827,1.475
140,-0.782,-2.32,-0.964,-0.915,-0.201,3.665
141,1.113,-0.245,-1.031,-0.057,1.049,5.974
142,-0.976,-0.911,0.559,-0.222,0.647,2.363
143,-0.014,0.702,-1.035,-0.012,-0.211,2.09
144,-1.216,-1.563,0.686,-0.351,-1.022,3.832
145,-0.096,1.128,-2.281,-1.497,-0.923,1.261
146,1.461,0.283,0.767,-1.14,-1.12,8.718
147,0.448,0.058,0.549,-0.188,0.278,4.001
148,0.158,0.778,0.807,-1.62,-2.247,1.702
149,1.002,1.188,-1.021,-1.86,0.099,5.085
150,0.931,1.798,0.516,-0.372,-0.893,0.788
