id,machine,s1,s2,s3,s4,s5,s6,y
1,1,2.88,58.3,8.56,1.13,1484.0,71.9,368.0
2,1,2.02,50.6,8.79,0.87,1578.0,83.3,376.2
3,1,2.04,54.4,8.67,0.7,1488.0,80.4,371.2
4,1,2.53,71.3,8.42,0.89,1530.0,70.3,361.5
5,1,1.85,67.1,7.95,2.33,1555.0,88.4,358.7
6,1,2.28,60.9,8.19,0.81,1553.0,74.0,350.5
7,1,2.34,66.8,7.65,1.14,1501.0,76.1,343.7
8,1,1.86,74.3,6.9,1.74,1529.0,94.1,319.2
9,1,3.31,72.9,6.44,1.88,1568.0,68.4,304.0
10,1,2.24,60.9,6.93,1.04,1536.0,75.2,311.6
11,1,4.05,67.5,5.76,1.95,1484.0,59.4,256.0
12,1,3.83,74.2,5.85,2.94,1521.0,78.1,256.2
13,1,3.91,84.7,5.65,2.92,1569.0,90.6,245.1
14,1,4.41,77.8,5.15,3.42,1538.0,88.6,192.5
15,1,4.81,73.1,5.15,3.53,1517.0,71.2,186.0
16,1,4.65,80.4,5.25,4.18,1544.0,63.7,167.9
17,1,4.92,76.9,5.07,7.49,1542.0,60.9,148.0
18,1,4.71,66.0,5.23,4.64,1483.0,62.6,142.6
19,1,4.46,87.1,5.28,4.78,1576.0,61.1,145.2
20,1,5.26,80.0,5.68,3.92,1494.0,71.5,98.7
21,1,4.92,77.0,5.7,4.66,1473.0,71.3,109.1
22,1,6.18,90.3,5.71,5.54,1511.0,68.9,97.9
23,1,5.73,72.9,6.78,3.94,1499.0,51.5,52.7
24,1,6.08,74.4,7.18,12.67,1481.0,51.6,34.6
25,1,5.53,83.2,7.59,10.6,1495.0,50.1,22.5
26,2,1.44,80.5,8.83,1.35,1469.0,80.5,381.5
27,2,1.57,63.1,9.23,0.9,1477.0,86.3,389.0
28,2,1.43,56.5,8.97,1.11,1433.0,93.7,374.0
29,2,2.1,51.6,8.89,1.23,1463.0,94.4,376.3
30,2,1.03,57.3,8.76,2.36,1423.0,85.7,374.1
31,2,2.29,64.5,8.34,1.1,1425.0,72.3,358.0
32,2,2.39,66.7,7.59,2.26,1428.0,94.2,336.1
33,2,0.77,61.2,7.6,1.33,1422.0,87.8,340.4
34,2,3.36,50.9,6.47,1.89,1421.0,82.7,302.7
35,2,3.11,72.0,6.24,2.45,1450.0,80.0,273.2
36,2,3.23,84.3,5.93,2.28,1458.0,78.8,266.4
37,2,3.11,67.4,5.19,2.03,1406.0,86.1,238.1
38,2,3.76,71.7,5.51,4.1,1480.0,61.9,234.0
39,2,4.3,64.3,5.49,4.79,1441.0,88.6,232.7
40,2,3.35,73.3,5.24,4.68,1457.0,68.8,193.1
41,2,4.53,71.5,5.04,3.38,1418.0,74.8,187.1
42,2,4.41,62.1,5.33,4.32,1450.0,67.5,170.8
43,2,4.5,74.6,5.01,6.78,1425.0,65.5,166.7
44,2,4.78,78.0,5.4,5.1,1419.0,68.9,144.8
45,2,4.4,76.0,5.25,4.97,1445.0,58.0,147.8
46,2,5.4,85.8,5.53,9.62,1409.0,63.1,137.6
47,2,4.58,83.6,5.44,5.14,1385.0,62.9,116.2
48,2,4.76,90.0,5.7,8.06,1452.0,53.2,108.8
49,2,5.19,81.9,6.78,10.76,1449.0,55.7,53.7
50,2,6.17,88.3,6.72,10.19,1459.0,59.1,49.2
51,3,3.2,69.4,5.28,2.0,1494.0,76.4,222.4
52,3,3.61,75.0,5.06,3.96,1551.0,84.3,196.3
53,3,4.06,71.4,5.19,2.67,1449.0,73.2,192.1
54,3,3.68,83.0,5.21,3.62,1439.0,74.8,184.3
55,3,4.19,79.1,5.06,2.3,1450.0,79.4,181.5
56,3,4.93,62.6,5.16,4.55,1500.0,57.5,171.2
57,3,4.6,74.9,5.04,4.49,1520.0,85.6,164.4
58,3,4.28,79.4,5.07,15.47,1480.0,77.4,157.4
59,3,4.69,83.5,4.86,4.01,1503.0,78.1,157.4
60,3,3.58,76.7,5.06,9.18,1461.0,81.6,142.3
61,3,3.91,72.5,5.13,9.44,1531.0,78.0,143.5
62,3,4.76,73.0,5.29,6.79,1475.0,81.3,138.4
63,3,4.87,78.8,5.74,9.18,1392.0,70.9,114.9
64,3,5.41,82.7,5.72,6.42,1439.0,68.0,103.1
65,3,4.28,79.6,5.73,7.04,1458.0,70.7,100.7
66,3,4.98,73.9,5.95,8.83,1479.0,57.8,89.8
67,3,5.01,77.8,5.73,4.79,1501.0,60.8,87.0
68,3,6.18,82.6,6.56,8.7,1501.0,64.4,57.8
69,3,5.26,78.3,6.39,7.21,1443.0,63.2,59.2
70,3,5.85,84.3,6.86,10.33,1481.0,60.5,42.5
71,3,5.43,84.0,7.31,9.2,1454.0,49.6,40.4
72,3,5.24,68.2,7.53,19.75,1547.0,56.9,31.6
73,3,6.33,85.1,7.57,14.49,1465.0,56.1,25.6
74,3,6.72,86.4,7.98,17.15,1462.0,56.0,10.6
75,3,6.83,78.2,7.97,17.56,1465.0,52.8,10.8
76,4,2.52,50.6,7.65,1.19,1413.0,88.4,346.3
77,4,2.92,59.3,6.68,1.12,1373.0,84.6,314.6
78,4,2.8,60.8,6.71,1.99,1455.0,81.3,306.6
79,4,3.97,67.8,6.45,1.22,1384.0,102.3,300.6
80,4,2.34,74.8,6.27,1.85,1393.0,98.5,294.8
81,4,2.56,66.1,5.98,1.56,1454.0,78.3,275.4
82,4,4.08,63.8,5.25,2.12,1390.0,66.5,221.0
83,4,4.4,79.7,5.22,3.92,1419.0,76.0,211.1
84,4,3.14,83.0,5.02,3.93,1453.0,59.6,196.5
85,4,3.96,71.5,5.12,3.65,1292.0,80.3,195.1
86,4,4.31,69.5,4.92,3.2,1337.0,75.6,187.7
87,4,4.8,74.7,5.29,4.08,1361.0,72.8,190.2
88,4,4.71,72.6,5.48,4.86,1417.0,80.7,140.5
89,4,4.8,73.1,5.37,7.39,1333.0,64.2,113.1
90,4,5.77,88.9,5.64,12.37,1395.0,70.9,110.1
91,4,5.67,78.5,5.64,10.7,1385.0,71.3,103.2
92,4,4.91,80.1,5.72,6.23,1426.0,74.5,101.5
93,4,5.14,89.0,6.06,11.76,1403.0,71.3,81.1
94,4,6.0,80.2,6.83,13.69,1433.0,60.8,53.9
95,4,6.06,79.3,6.76,8.84,1394.0,58.4,53.0
96,4,5.68,83.4,6.74,17.71,1391.0,57.4,45.5
97,4,6.87,82.9,6.98,12.21,1431.0,76.5,41.5
98,4,6.38,79.0,7.38,13.8,1340.0,69.1,27.1
99,4,6.04,75.8,7.45,14.46,1464.0,66.2,20.9
100,4,5.76,82.7,7.72,13.79,1450.0,60.6,17.2
101,5,3.27,60.9,7.99,0.75,1381.0,101.7,352.2
102,5,2.8,65.0,7.7,1.07,1373.0,83.6,336.8
103,5,3.68,69.5,6.95,1.45,1368.0,75.5,318.6
104,5,2.84,67.2,6.97,1.49,1386.0,66.3,315.9
105,5,3.69,63.4,6.39,1.11,1355.0,95.1,309.1
106,5,3.15,76.1,6.12,1.34,1361.0,93.8,294.1
107,5,3.35,59.1,6.49,1.41,1407.0,90.0,297.3
108,5,3.05,76.5,6.11,1.14,1315.0,95.9,280.8
109,5,3.98,63.8,6.12,1.46,1363.0,95.0,275.3
110,5,3.5,62.4,5.73,2.17,1352.0,73.2,270.5
111,5,3.14,70.4,5.62,2.3,1422.0,83.8,256.1
112,5,3.72,70.4,5.16,2.66,1381.0,100.3,246.4
113,5,2.98,71.6,5.35,1.22,1418.0,84.0,242.2
114,5,4.23,75.9,5.34,2.7,1370.0,79.2,235.5
115,5,4.6,75.4,5.1,3.17,1413.0,76.1,191.1
116,5,4.24,78.5,5.02,5.63,1411.0,63.4,188.3
117,5,4.16,73.5,5.24,3.76,1375.0,65.0,176.3
118,5,5.01,84.8,5.24,4.42,1421.0,82.5,119.5
119,5,6.32,77.9,5.83,9.31,1404.0,82.8,82.7
120,5,6.2,78.4,6.31,7.55,1384.0,60.0,72.0
121,5,6.69,88.6,6.49,11.77,1329.0,44.3,58.4
122,5,6.53,86.8,7.17,10.19,1330.0,51.5,41.7
123,5,6.75,81.2,7.35,14.09,1410.0,53.2,31.8
124,5,6.14,92.7,7.37,15.97,1351.0,60.2,29.1
125,5,6.58,81.5,7.0,8.18,1359.0,50.2,31.2
126,6,3.67,66.1,5.33,3.48,1435.0,89.9,237.8
127,6,4.25,68.2,5.37,2.14,1444.0,78.4,228.8
128,6,3.4,78.0,5.12,3.75,1455.0,76.0,215.0
129,6,4.56,72.5,5.28,3.35,1503.0,96.1,217.3
130,6,4.49,71.8,5.29,2.27,1440.0,82.0,219.1
131,6,4.33,72.9,5.07,6.26,1414.0,93.9,210.4
132,6,5.05,63.7,4.93,4.29,1415.0,87.2,182.6
133,6,3.66,69.1,5.25,4.34,1441.0,73.6,188.9
134,6,4.62,76.1,5.11,7.18,1474.0,65.7,173.8
135,6,3.5,66.5,5.11,7.2,1492.0,88.6,173.3
136,6,4.46,71.9,5.27,8.14,1451.0,83.4,163.7
137,6,5.39,71.0,5.48,4.56,1416.0,68.1,144.8
138,6,5.05,78.6,4.85,5.82,1445.0,71.4,137.6
139,6,5.31,68.5,5.47,5.34,1474.0,76.7,140.0
140,6,4.54,81.9,5.44,5.81,1450.0,64.9,135.6
141,6,5.56,77.1,5.23,5.06,1428.0,61.7,137.3
142,6,5.36,66.6,5.51,5.92,1466.0,80.0,131.5
143,6,5.54,81.3,5.99,9.55,1441.0,73.8,84.1
144,6,5.14,79.0,6.28,9.41,1441.0,78.6,81.8
145,6,5.52,85.1,6.47,8.78,1466.0,80.8,69.0
146,6,6.02,83.7,6.35,19.29,1406.0,59.9,69.5
147,6,5.75,76.4,6.19,17.76,1504.0,66.5,69.7
148,6,5.76,84.9,6.54,11.38,1435.0,81.2,59.0
149,6,6.03,92.7,7.26,14.41,1416.0,56.0,26.8
150,6,5.79,88.6,7.72,33.38,1452.0,57.2,13.0
151,7,3.49,77.5,5.15,4.78,1336.0,78.7,196.7
152,7,4.11,65.8,5.09,4.65,1401.0,63.9,187.5
153,7,4.67,69.4,5.0,4.21,1355.0,67.4,175.2
154,7,3.88,81.0,5.35,4.26,1391.0,68.0,171.2
155,7,4.11,78.2,5.02,4.31,1292.0,77.4,175.3
156,7,4.16,66.6,5.12,5.11,1361.0,65.2,163.4
157,7,4.8,80.3,5.19,4.83,1359.0,62.7,150.3
158,7,4.18,71.2,5.01,6.97,1405.0,65.4,130.4
159,7,4.6,81.4,5.81,7.82,1351.0,58.5,122.7
160,7,4.92,75.5,5.4,9.58,1340.0,62.0,117.1
161,7,4.94,82.9,5.55,6.33,1356.0,58.9,121.2
162,7,4.59,86.3,5.28,6.56,1423.0,52.0,108.3
163,7,5.03,81.5,5.62,5.92,1231.0,58.6,105.0
164,7,5.06,74.8,5.42,9.87,1341.0,61.9,104.0
165,7,4.04,78.3,5.69,9.92,1310.0,53.1,97.6
166,7,4.87,73.3,6.04,13.55,1473.0,87.2,92.5
167,7,5.41,80.1,6.29,12.25,1398.0,76.7,75.1
168,7,5.17,87.0,6.75,17.05,1366.0,54.3,53.7
169,7,5.44,74.5,6.88,9.79,1380.0,49.8,47.8
170,7,5.01,79.6,6.53,14.46,1365.0,54.5,48.2
171,7,5.24,73.7,6.7,7.01,1397.0,65.9,45.4
172,7,5.13,79.6,7.0,20.04,1346.0,47.2,43.6
173,7,5.93,81.3,7.67,17.45,1320.0,52.9,24.4
174,7,5.5,84.3,7.76,12.22,1320.0,56.9,16.9
175,7,5.67,93.0,8.07,21.92,1285.0,66.0,8.2
176,8,3.0,74.9,6.84,1.58,1507.0,87.5,310.5
177,8,3.95,77.8,5.67,2.75,1547.0,79.5,248.8
178,8,3.42,73.6,5.67,3.04,1496.0,67.9,251.6
179,8,5.07,70.2,5.05,2.77,1500.0,57.6,213.9
180,8,4.39,70.6,5.34,3.3,1497.0,74.4,211.5
181,8,4.36,75.6,5.03,3.86,1515.0,58.3,206.0
182,8,4.31,73.9,4.9,4.18,1509.0,89.8,196.0
183,8,4.19,78.2,5.15,2.57,1519.0,72.0,197.5
184,8,4.08,63.2,4.9,5.9,1504.0,72.7,179.9
185,8,4.28,78.4,4.94,3.67,1479.0,52.9,174.1
186,8,5.29,71.9,5.13,5.6,1445.0,50.3,169.5
187,8,5.24,69.7,4.99,4.43,1483.0,49.1,169.2
188,8,5.04,84.4,5.02,10.79,1472.0,52.5,155.7
189,8,5.19,74.0,5.22,6.14,1415.0,48.2,156.7
190,8,5.11,66.3,5.49,4.88,1431.0,86.5,131.8
191,8,5.72,65.7,5.85,8.08,1455.0,76.0,99.1
192,8,5.64,80.2,5.86,5.41,1528.0,73.1,99.9
193,8,5.14,79.3,5.68,6.63,1528.0,68.2,89.5
194,8,5.71,82.4,6.33,12.2,1464.0,55.1,72.3
195,8,5.73,62.8,6.15,11.65,1492.0,57.1,76.3
196,8,6.65,76.3,6.39,10.22,1519.0,44.4,60.2
197,8,5.63,80.8,6.8,14.81,1467.0,52.3,46.4
198,8,6.69,86.3,7.25,9.45,1497.0,63.2,29.7
199,8,7.32,82.8,7.42,18.57,1534.0,32.3,20.6
200,8,5.71,91.7,7.53,14.69,1451.0,46.2,12.9
201,9,2.58,55.7,8.79,0.92,1446.0,82.8,373.1
202,9,3.16,67.7,8.51,0.77,1407.0,100.8,365.8
203,9,2.16,57.5,8.32,0.81,1506.0,98.3,356.0
204,9,3.43,69.3,7.47,1.68,1474.0,80.6,330.1
205,9,3.58,66.2,6.57,1.32,1459.0,81.6,301.6
206,9,3.26,73.9,6.45,1.25,1470.0,78.7,292.0
207,9,3.56,63.6,6.21,1.72,1511.0,96.7,274.7
208,9,3.63,58.2,5.83,1.34,1484.0,96.3,272.3
209,9,3.6,71.9,5.27,3.61,1557.0,79.2,226.2
210,9,4.85,77.2,5.18,2.49,1496.0,74.0,199.6
211,9,5.26,64.9,4.9,4.53,1507.0,84.6,183.7
212,9,5.4,86.0,4.96,5.95,1462.0,75.4,165.8
213,9,5.14,80.0,5.23,4.67,1498.0,91.5,162.1
214,9,4.98,79.1,5.07,6.82,1491.0,81.6,161.5
215,9,5.69,80.4,5.3,3.96,1502.0,66.2,142.7
216,9,4.92,81.5,5.27,5.34,1446.0,93.1,136.5
217,9,5.26,69.2,5.48,3.83,1543.0,73.4,135.1
218,9,5.03,82.2,5.33,5.79,1472.0,67.3,135.5
219,9,4.93,84.4,5.46,6.96,1565.0,61.9,121.2
220,9,5.59,82.0,5.56,6.54,1444.0,62.7,108.6
221,9,5.69,78.3,5.93,7.04,1497.0,73.8,79.4
222,9,5.83,87.6,6.06,11.12,1477.0,78.5,69.4
223,9,5.26,75.3,6.95,10.48,1552.0,55.0,58.2
224,9,6.8,89.5,7.42,9.06,1521.0,71.3,27.5
225,9,5.62,86.5,7.94,19.81,1514.0,65.5,14.1
226,10,4.03,60.6,5.83,2.31,1419.0,96.6,274.3
227,10,2.58,70.4,5.91,1.56,1448.0,94.6,266.9
228,10,3.32,77.4,5.76,1.91,1460.0,87.0,258.6
229,10,3.8,71.5,5.64,2.79,1388.0,80.0,262.9
230,10,3.19,74.8,5.84,2.62,1380.0,89.4,247.1
231,10,3.11,71.6,5.55,3.49,1448.0,84.1,227.9
232,10,4.39,72.7,5.11,2.78,1405.0,67.6,197.8
233,10,3.61,75.4,5.29,3.49,1419.0,78.4,195.6
234,10,3.21,62.0,5.29,2.38,1486.0,72.1,190.2
235,10,3.5,79.4,5.21,4.41,1495.0,64.4,193.5
236,10,3.46,83.4,5.18,4.04,1438.0,76.0,185.7
237,10,3.68,74.3,5.12,3.25,1425.0,81.5,181.7
238,10,4.4,77.6,5.11,4.18,1467.0,76.4,168.7
239,10,4.94,66.7,5.02,3.1,1405.0,74.1,143.4
240,10,3.59,75.5,5.2,7.07,1378.0,70.4,139.1
241,10,4.28,75.2,5.5,10.67,1454.0,63.9,122.2
242,10,5.33,90.4,5.89,6.9,1413.0,76.4,87.7
243,10,4.96,85.4,6.2,5.55,1408.0,56.5,82.0
244,10,5.87,83.5,5.99,7.01,1434.0,70.2,85.3
245,10,5.1,71.8,5.83,9.58,1458.0,81.4,86.2
246,10,4.74,82.2,5.87,7.75,1422.0,57.4,80.9
247,10,5.71,82.7,6.14,5.49,1422.0,60.8,70.2
248,10,5.6,85.9,7.28,11.49,1486.0,69.1,30.5
249,10,6.45,78.0,7.57,12.58,1479.0,69.8,20.0
250,10,5.43,77.2,7.61,9.34,1410.0,52.8,7.2
251,11,2.75,63.1,7.51,1.0,1523.0,59.9,334.6
252,11,2.02,62.2,7.6,1.24,1502.0,81.6,332.4
253,11,2.44,67.7,7.21,1.17,1534.0,78.6,330.7
254,11,2.63,69.3,6.48,1.48,1507.0,77.9,295.9
255,11,3.32,69.4,6.1,0.94,1554.0,65.3,286.8
256,11,3.66,73.3,6.25,1.28,1436.0,76.2,278.9
257,11,3.53,84.2,5.61,3.29,1538.0,81.4,260.2
258,11,3.9,72.9,5.46,2.34,1526.0,71.2,242.8
259,11,3.61,72.9,5.69,3.29,1547.0,79.0,241.7
260,11,3.91,68.3,5.64,2.85,1464.0,65.6,244.0
261,11,3.86,84.6,5.13,3.75,1480.0,69.7,208.5
262,11,4.2,74.3,5.3,4.21,1568.0,77.5,192.3
263,11,4.51,88.8,5.21,4.21,1506.0,72.7,168.3
264,11,4.78,85.2,5.37,2.24,1400.0,55.2,146.9
265,11,4.23,89.5,5.41,3.51,1503.0,80.6,150.8
266,11,4.74,77.6,5.46,5.06,1505.0,55.8,145.4
267,11,4.43,89.4,5.09,4.07,1530.0,74.9,144.6
268,11,5.5,73.8,5.32,4.2,1538.0,60.8,120.6
269,11,4.42,69.9,5.81,5.9,1504.0,53.4,99.6
270,11,4.79,95.2,5.71,7.52,1500.0,49.6,97.8
271,11,6.81,89.1,6.17,12.04,1586.0,74.6,54.1
272,11,5.18,93.4,7.03,11.39,1520.0,57.0,44.9
273,11,5.3,86.9,6.78,12.12,1463.0,43.3,41.6
274,11,5.41,85.0,7.61,21.6,1398.0,64.5,18.1
275,11,6.98,88.6,7.64,13.75,1532.0,57.9,15.3
276,12,3.87,64.3,5.7,3.72,1425.0,74.7,261.6
277,12,3.6,73.0,5.73,2.25,1485.0,91.4,254.3
278,12,3.64,68.4,5.1,2.57,1445.0,72.7,232.8
279,12,3.83,75.9,5.07,3.58,1355.0,65.7,194.5
280,12,4.81,68.0,4.91,4.57,1460.0,69.8,160.2
281,12,4.93,79.3,5.09,6.97,1377.0,64.5,159.9
282,12,4.62,67.2,5.23,7.59,1313.0,84.4,149.7
283,12,4.5,79.2,5.33,5.98,1360.0,92.0,150.0
284,12,5.02,80.3,5.54,12.21,1345.0,63.7,110.3
285,12,5.07,80.0,5.87,8.83,1376.0,60.1,116.3
286,12,5.32,77.1,5.69,9.26,1427.0,62.2,112.0
287,12,5.43,76.3,5.95,11.16,1433.0,63.0,97.2
288,12,5.73,81.4,6.02,14.34,1438.0,65.4,88.7
289,12,4.72,79.6,5.86,10.37,1425.0,48.2,89.8
290,12,5.89,75.1,6.06,7.06,1403.0,53.8,77.3
291,12,5.17,87.4,5.97,10.93,1386.0,82.1,78.5
292,12,5.76,66.8,6.45,17.05,1485.0,64.5,62.4
293,12,5.74,81.0,6.2,16.49,1377.0,80.3,53.7
294,12,5.3,84.8,6.66,11.37,1419.0,75.1,50.5
295,12,6.56,68.8,6.76,10.75,1350.0,69.3,49.2
296,12,5.95,79.0,6.79,21.49,1419.0,40.8,40.6
297,12,5.73,76.9,7.11,16.19,1413.0,50.1,31.0
298,12,6.08,83.3,7.45,11.88,1344.0,60.6,26.9
299,12,5.73,84.1,7.63,16.95,1368.0,49.7,22.0
300,12,5.62,74.2,7.84,16.74,1379.0,60.2,14.0
301,13,2.15,59.8,8.57,1.29,1448.0,88.1,377.7
302,13,1.81,77.2,9.05,1.23,1487.0,75.2,374.0
303,13,1.72,59.3,8.73,1.28,1508.0,98.0,373.8
304,13,2.63,55.0,8.27,1.94,1501.0,78.9,347.0
305,13,3.48,58.0,6.34,2.57,1543.0,68.5,293.2
306,13,2.83,61.2,6.16,1.82,1545.0,60.5,280.1
307,13,2.97,64.4,5.96,3.92,1432.0,72.1,277.5
308,13,3.71,68.7,6.01,3.24,1485.0,74.3,271.6
309,13,2.96,80.5,6.16,3.57,1550.0,56.6,270.5
310,13,2.59,77.9,5.81,3.41,1497.0,62.7,260.6
311,13,2.84,65.7,5.71,2.9,1473.0,80.6,248.8
312,13,3.46,78.4,5.2,3.97,1529.0,77.8,181.7
313,13,4.15,76.1,4.87,4.94,1442.0,52.6,167.7
314,13,4.79,75.4,5.26,6.83,1428.0,67.4,155.2
315,13,4.34,69.2,5.1,8.14,1540.0,62.6,147.3
316,13,4.26,78.8,5.26,9.19,1462.0,52.5,149.8
317,13,5.4,89.3,5.53,6.09,1578.0,39.2,103.1
318,13,4.99,92.8,6.07,9.43,1503.0,65.6,91.4
319,13,5.84,84.0,6.29,9.12,1505.0,49.7,65.6
320,13,5.25,88.1,6.92,13.51,1532.0,37.6,55.9
321,13,6.28,80.2,6.89,17.48,1493.0,72.6,42.5
322,13,5.47,77.5,7.03,14.2,1487.0,60.3,44.1
323,13,5.23,80.6,6.82,15.04,1541.0,62.7,40.0
324,13,5.98,92.3,7.57,24.48,1468.0,51.6,21.8
325,13,5.96,77.6,7.63,17.15,1518.0,51.9,15.5
326,14,1.6,57.2,10.01,0.99,1512.0,93.3,402.3
327,14,2.37,61.8,8.93,1.61,1540.0,79.5,372.3
328,14,2.48,65.6,7.55,1.65,1573.0,78.4,332.9
329,14,3.21,62.1,7.15,2.11,1474.0,57.6,328.0
330,14,2.34,76.6,6.84,1.57,1458.0,74.2,320.1
331,14,1.49,59.8,6.82,2.13,1496.0,84.9,314.7
332,14,2.61,63.3,6.7,2.27,1526.0,80.3,314.2
333,14,3.21,65.4,6.02,4.91,1592.0,64.7,268.6
334,14,2.75,68.9,5.71,3.47,1500.0,69.8,255.8
335,14,2.88,79.0,5.72,2.18,1545.0,79.1,254.0
336,14,2.49,61.6,5.42,3.32,1484.0,82.2,254.3
337,14,3.57,78.8,5.25,3.71,1435.0,77.2,235.2
338,14,3.57,79.4,5.15,3.62,1428.0,66.7,224.9
339,14,4.13,72.3,5.26,4.01,1476.0,86.9,213.5
340,14,3.17,70.6,5.19,5.02,1528.0,94.2,200.6
341,14,3.83,70.5,4.79,4.24,1470.0,70.4,194.9
342,14,4.16,71.6,5.31,8.53,1539.0,84.9,164.5
343,14,4.7,67.9,5.41,9.58,1503.0,75.9,165.7
344,14,4.41,74.7,5.01,7.73,1483.0,56.6,136.7
345,14,5.75,76.7,5.42,5.76,1496.0,48.1,112.2
346,14,4.43,62.3,5.7,9.91,1497.0,65.0,109.4
347,14,5.24,74.9,5.82,14.71,1465.0,54.9,87.6
348,14,4.67,86.3,5.97,10.82,1436.0,48.0,82.5
349,14,5.52,74.0,6.25,10.49,1429.0,49.9,70.1
350,14,5.83,78.9,6.89,16.49,1514.0,44.6,34.5
351,15,2.52,64.6,5.61,2.2,1409.0,85.4,258.4
352,15,3.05,70.7,5.41,2.97,1360.0,61.2,251.1
353,15,3.59,66.8,5.59,2.86,1372.0,83.9,255.1
354,15,4.0,64.9,5.41,2.83,1391.0,66.0,236.4
355,15,4.02,62.4,5.45,3.36,1410.0,80.5,236.7
356,15,3.8,59.2,5.21,3.4,1421.0,71.4,212.0
357,15,4.11,65.5,5.09,4.87,1280.0,74.1,212.8
358,15,3.53,77.8,5.23,2.71,1361.0,78.1,211.7
359,15,2.91,79.2,5.45,3.82,1411.0,73.1,202.0
360,15,4.03,71.2,5.03,3.05,1449.0,71.7,204.1
361,15,3.59,73.3,4.63,3.79,1407.0,68.9,186.3
362,15,4.39,72.6,4.93,4.18,1426.0,61.9,180.5
363,15,4.05,76.5,4.92,4.95,1435.0,62.9,172.3
364,15,4.04,74.2,4.86,7.32,1391.0,61.0,162.6
365,15,4.06,75.3,5.1,6.56,1391.0,57.3,149.8
366,15,5.02,72.5,5.08,6.77,1426.0,72.6,145.4
367,15,4.46,84.2,5.21,5.6,1385.0,72.4,144.6
368,15,4.25,73.6,5.29,9.01,1398.0,49.8,144.6
369,15,4.18,77.0,5.82,6.67,1474.0,71.6,119.2
370,15,4.65,75.7,5.71,6.61,1413.0,74.0,107.4
371,15,4.0,75.6,5.65,7.24,1349.0,69.7,104.0
372,15,4.62,79.0,5.7,8.23,1375.0,60.4,84.0
373,15,6.08,76.8,6.45,12.82,1407.0,79.0,52.6
374,15,5.53,73.9,6.93,11.2,1407.0,54.7,36.5
375,15,6.51,72.0,7.45,16.8,1352.0,44.0,23.0
376,16,1.72,53.7,9.5,1.71,1303.0,108.2,399.6
377,16,1.55,61.6,8.45,1.41,1287.0,99.6,364.5
378,16,3.37,66.9,7.54,1.57,1368.0,94.9,331.7
379,16,3.28,65.8,6.35,1.63,1350.0,89.8,290.0
380,16,3.12,67.2,5.92,1.44,1308.0,87.3,259.5
381,16,4.27,69.2,5.5,2.93,1289.0,69.8,247.3
382,16,2.85,71.3,5.59,2.28,1369.0,78.5,245.4
383,16,3.85,71.1,5.35,2.04,1231.0,81.4,229.0
384,16,4.39,73.8,5.2,5.65,1371.0,57.1,176.4
385,16,4.55,59.5,5.24,3.26,1449.0,75.5,172.5
386,16,4.82,85.5,4.92,4.44,1472.0,56.1,174.1
387,16,4.99,85.6,4.91,3.99,1337.0,61.4,162.7
388,16,4.64,78.8,4.99,4.53,1371.0,78.0,156.4
389,16,4.57,92.6,5.42,4.57,1399.0,83.0,138.5
390,16,5.17,73.3,5.45,7.32,1349.0,83.1,127.3
391,16,5.7,85.7,5.64,8.37,1268.0,79.7,116.8
392,16,4.97,74.4,5.35,6.07,1370.0,69.3,117.0
393,16,5.04,83.8,5.58,8.17,1360.0,62.7,110.5
394,16,5.38,66.1,5.77,9.65,1419.0,59.7,102.0
395,16,5.57,80.1,5.7,7.13,1376.0,54.0,84.8
396,16,5.78,77.0,6.01,7.77,1317.0,79.1,80.2
397,16,6.07,85.7,6.37,13.4,1414.0,69.1,68.1
398,16,5.8,82.7,6.68,8.26,1358.0,83.4,54.3
399,16,6.39,81.7,7.47,19.24,1412.0,69.6,20.5
400,16,4.77,87.4,7.53,11.55,1397.0,62.1,21.1
401,17,3.23,62.5,5.68,2.32,1467.0,70.1,249.4
402,17,3.52,71.2,5.38,2.0,1497.0,65.7,224.9
403,17,4.04,67.6,5.42,3.22,1554.0,70.9,226.6
404,17,3.27,70.6,5.27,3.52,1590.0,58.1,214.0
405,17,3.42,71.1,5.21,4.78,1520.0,89.1,215.3
406,17,2.89,77.9,5.26,4.79,1551.0,70.5,208.0
407,17,4.4,81.4,5.13,6.0,1588.0,54.2,204.8
408,17,3.87,71.5,4.84,3.23,1551.0,83.3,189.0
409,17,4.28,75.4,5.14,3.21,1538.0,85.1,181.9
410,17,4.23,74.0,4.89,4.72,1584.0,86.9,179.5
411,17,4.34,66.1,4.93,5.65,1557.0,60.6,170.4
412,17,5.14,75.4,5.06,5.74,1560.0,52.7,161.0
413,17,3.48,78.9,5.3,4.8,1565.0,74.3,151.3
414,17,4.05,78.2,5.19,3.69,1611.0,62.9,145.7
415,17,3.96,74.9,5.53,6.29,1514.0,72.4,148.3
416,17,4.79,79.0,5.34,4.04,1543.0,66.9,144.9
417,17,4.77,75.4,5.32,6.86,1568.0,68.1,134.1
418,17,5.08,75.0,5.01,5.89,1537.0,71.1,134.3
419,17,4.08,76.7,5.74,6.15,1522.0,55.3,107.2
420,17,4.05,74.2,5.76,7.05,1518.0,67.7,103.4
421,17,5.42,74.8,6.03,10.3,1531.0,54.2,86.6
422,17,4.81,72.3,5.81,6.56,1591.0,73.6,96.1
423,17,5.04,80.3,6.26,9.37,1562.0,75.2,69.0
424,17,5.69,94.5,7.04,14.19,1558.0,54.5,41.9
425,17,5.81,83.4,6.84,8.89,1558.0,56.8,41.3
426,18,1.83,56.1,8.07,0.96,1481.0,87.7,359.6
427,18,3.06,66.6,7.47,1.03,1607.0,77.4,330.3
428,18,2.67,58.8,7.06,1.51,1450.0,59.5,324.9
429,18,2.85,65.3,6.33,1.51,1493.0,80.4,295.7
430,18,2.7,67.0,6.0,1.88,1531.0,62.8,273.1
431,18,3.27,60.5,6.17,2.87,1498.0,82.0,270.6
432,18,3.68,61.8,5.6,2.53,1502.0,69.3,226.6
433,18,3.01,57.8,5.29,2.71,1509.0,59.7,205.3
434,18,3.55,64.5,4.91,4.5,1567.0,90.2,208.2
435,18,4.05,69.2,5.32,3.14,1474.0,69.7,164.7
436,18,4.08,74.8,5.39,4.65,1515.0,67.2,160.6
437,18,4.83,64.7,5.23,5.31,1496.0,57.8,146.1
438,18,4.87,77.4,5.41,6.54,1534.0,74.0,135.2
439,18,5.7,71.4,5.35,10.47,1499.0,59.8,115.4
440,18,5.3,72.0,5.97,7.89,1515.0,47.8,80.3
441,18,6.13,78.6,6.13,6.97,1508.0,57.2,76.8
442,18,5.25,70.7,6.14,6.34,1456.0,56.9,76.5
443,18,5.1,80.4,6.29,9.42,1507.0,66.4,69.2
444,18,6.16,82.1,6.72,9.69,1493.0,69.7,53.4
445,18,5.12,83.9,6.88,12.94,1572.0,48.6,44.1
446,18,5.94,89.8,7.01,9.36,1521.0,61.1,47.8
447,18,5.44,75.2,6.68,9.31,1541.0,47.8,43.1
448,18,6.18,85.0,7.62,11.15,1580.0,55.4,25.9
449,18,5.99,89.5,8.04,16.27,1526.0,46.6,11.3
450,18,6.43,86.5,7.76,17.55,1552.0,45.2,15.1
451,19,3.07,74.3,7.01,1.63,1550.0,85.6,321.4
452,19,3.17,64.5,6.69,1.66,1485.0,90.2,303.2
453,19,2.57,75.9,5.92,2.44,1434.0,69.0,275.8
454,19,4.58,67.4,5.56,3.03,1495.0,79.8,241.4
455,19,3.35,56.2,5.48,1.93,1495.0,80.5,239.7
456,19,3.11,82.7,5.14,2.72,1474.0,88.6,221.5
457,19,3.06,73.3,5.43,3.74,1500.0,61.9,211.8
458,19,4.02,65.0,5.28,3.7,1479.0,71.7,203.4
459,19,4.03,68.8,5.23,2.89,1475.0,74.2,209.3
460,19,4.14,79.3,5.42,3.46,1463.0,67.3,202.6
461,19,3.81,68.2,5.32,3.88,1509.0,71.9,187.4
462,19,4.36,80.0,5.08,3.81,1455.0,85.0,183.7
463,19,3.13,79.0,5.18,4.82,1578.0,77.3,157.1
464,19,5.22,69.9,5.45,8.15,1554.0,68.4,123.5
465,19,4.64,85.4,5.6,4.44,1535.0,49.3,115.2
466,19,5.38,82.1,5.63,11.88,1500.0,68.9,116.3
467,19,4.79,77.6,5.58,6.37,1474.0,75.0,114.6
468,19,4.91,81.0,5.99,6.76,1460.0,43.1,86.1
469,19,4.11,82.6,5.65,8.45,1503.0,67.8,92.1
470,19,5.59,81.2,6.0,9.01,1475.0,71.9,81.5
471,19,5.23,83.8,6.32,14.18,1452.0,63.9,65.7
472,19,5.85,83.9,6.53,7.03,1447.0,72.9,57.9
473,19,5.64,82.0,6.38,9.95,1484.0,60.3,60.7
474,19,5.89,83.5,6.79,9.56,1514.0,44.5,46.4
475,19,5.56,91.8,7.54,13.86,1493.0,47.1,16.7
476,20,3.61,64.2,6.86,1.87,1530.0,87.7,314.1
477,20,3.4,77.1,6.38,1.85,1505.0,89.3,302.2
478,20,3.16,72.6,6.56,2.69,1537.0,82.5,291.7
479,20,3.54,70.7,6.07,2.22,1536.0,85.5,282.6
480,20,2.7,75.0,6.29,1.98,1511.0,82.4,280.2
481,20,3.37,73.6,5.99,1.68,1486.0,63.5,276.5
482,20,3.81,68.7,5.32,5.36,1520.0,77.6,226.1
483,20,4.12,76.1,5.44,4.85,1542.0,72.8,214.3
484,20,3.56,88.4,5.21,4.36,1522.0,72.9,217.2
485,20,3.64,79.4,5.47,3.43,1491.0,71.0,211.6
486,20,3.89,77.3,5.01,6.84,1551.0,67.8,192.1
487,20,4.26,88.7,5.18,4.78,1505.0,84.0,174.7
488,20,4.12,72.8,5.2,8.89,1536.0,84.2,171.9
489,20,4.09,75.9,5.14,4.33,1488.0,79.9,165.0
490,20,5.47,81.8,5.09,6.35,1590.0,76.2,152.1
491,20,5.68,78.0,5.49,5.08,1498.0,75.9,138.1
492,20,3.47,89.9,5.21,7.4,1480.0,63.9,139.6
493,20,4.17,95.4,5.48,5.34,1566.0,55.8,118.6
494,20,5.12,83.6,5.26,6.91,1550.0,82.0,118.0
495,20,5.42,92.8,5.8,11.11,1543.0,57.9,95.3
496,20,6.39,87.7,5.91,14.37,1546.0,74.3,75.5
497,20,5.74,82.6,6.46,6.17,1537.0,52.2,70.3
498,20,6.1,98.7,6.89,5.61,1524.0,72.2,47.8
499,20,6.63,89.2,7.76,13.33,1499.0,47.3,21.7
500,20,6.68,89.3,7.5,11.22,1508.0,46.1,23.0
501,21,3.39,70.7,6.61,1.6,1651.0,72.5,297.3
502,21,2.65,71.8,6.48,1.28,1645.0,62.1,289.0
503,21,2.83,68.7,6.1,2.07,1620.0,67.8,288.5
504,21,3.32,62.2,6.04,1.49,1683.0,95.8,282.4
505,21,4.28,73.7,5.84,1.77,1717.0,75.8,274.0
506,21,3.01,69.7,6.15,2.83,1623.0,63.7,277.4
507,21,4.1,74.8,5.7,5.13,1715.0,60.4,247.2
508,21,4.09,71.4,5.32,3.46,1665.0,77.7,216.6
509,21,4.44,84.4,5.07,2.86,1680.0,83.0,215.8
510,21,4.46,64.8,5.18,4.22,1626.0,45.9,210.4
511,21,3.96,76.4,5.09,3.78,1598.0,53.5,195.2
512,21,4.3,65.6,4.93,5.57,1678.0,68.2,173.2
513,21,4.92,92.0,5.31,6.09,1674.0,62.4,162.1
514,21,4.86,71.8,5.5,4.44,1626.0,52.5,150.7
515,21,4.9,74.0,5.48,7.21,1585.0,68.1,144.9
516,21,5.42,69.0,5.1,5.58,1662.0,59.3,149.2
517,21,5.47,69.5,5.47,5.56,1651.0,63.5,137.0
518,21,5.52,73.1,5.03,4.9,1578.0,56.3,133.6
519,21,4.97,74.5,5.12,9.34,1607.0,69.0,135.0
520,21,5.74,74.7,6.05,11.79,1577.0,73.2,85.8
521,21,5.13,96.4,5.96,9.01,1653.0,61.0,79.7
522,21,6.07,87.0,6.1,9.84,1659.0,54.4,76.3
523,21,6.54,94.0,6.79,9.31,1604.0,50.7,59.0
524,21,5.45,92.9,7.18,12.09,1710.0,57.8,33.2
525,21,5.98,91.6,7.84,21.02,1577.0,43.4,15.4
526,22,3.77,60.6,5.74,2.13,1499.0,77.7,262.5
527,22,3.59,71.1,5.75,2.36,1541.0,67.8,255.6
528,22,3.01,59.8,5.79,1.0,1471.0,72.6,254.9
529,22,1.82,67.7,5.65,1.21,1431.0,73.9,257.0
530,22,3.23,75.0,5.33,2.65,1451.0,65.0,239.9
531,22,3.52,65.9,5.6,2.8,1499.0,75.3,244.1
532,22,3.47,71.8,5.26,1.97,1490.0,79.3,239.1
533,22,4.18,68.4,5.55,1.3,1474.0,62.1,234.9
534,22,3.4,64.6,5.44,1.42,1459.0,75.9,235.1
535,22,3.25,58.0,5.48,2.03,1488.0,71.5,232.8
536,22,3.58,54.3,5.12,1.65,1475.0,69.4,231.2
537,22,3.69,76.3,5.38,2.5,1455.0,71.7,204.7
538,22,4.47,60.6,5.03,3.34,1470.0,77.0,181.6
539,22,4.85,68.0,5.15,3.99,1523.0,83.7,146.4
540,22,5.17,77.7,5.02,4.47,1471.0,77.4,136.2
541,22,4.18,74.8,5.7,4.46,1470.0,49.0,97.3
542,22,5.67,84.6,5.97,5.4,1492.0,52.9,77.5
543,22,5.93,82.8,6.31,5.93,1534.0,47.4,75.9
544,22,4.76,80.2,6.31,8.47,1535.0,55.6,66.5
545,22,5.89,75.0,6.47,7.3,1575.0,41.5,57.3
546,22,4.56,75.9,7.1,15.15,1531.0,65.3,43.5
547,22,5.66,78.8,6.79,12.28,1495.0,48.6,40.3
548,22,5.91,79.8,6.73,6.61,1454.0,55.8,43.8
549,22,6.51,87.6,7.41,8.34,1473.0,62.9,22.6
550,22,6.37,91.5,8.16,11.08,1454.0,58.9,7.8
551,23,3.36,73.3,4.99,3.58,1509.0,71.6,172.9
552,23,4.84,71.4,5.1,6.07,1474.0,79.4,167.8
553,23,4.43,69.6,5.04,8.26,1445.0,83.9,159.8
554,23,4.77,71.0,5.0,5.34,1502.0,70.6,152.5
555,23,5.16,66.8,5.17,6.27,1509.0,68.8,145.7
556,23,4.69,89.4,5.31,9.12,1480.0,74.0,136.7
557,23,4.91,89.6,5.12,5.29,1483.0,72.5,131.6
558,23,5.94,89.8,5.43,16.02,1488.0,72.0,121.4
559,23,5.53,87.3,5.06,8.16,1513.0,71.6,123.4
560,23,5.28,81.9,5.35,6.9,1510.0,78.4,115.7
561,23,3.95,79.9,5.6,5.44,1558.0,77.5,118.1
562,23,5.33,81.3,5.54,7.16,1455.0,65.7,109.5
563,23,5.05,88.4,5.77,7.46,1493.0,75.9,102.9
564,23,4.79,86.8,6.23,11.74,1521.0,64.9,80.2
565,23,5.35,72.8,6.28,11.43,1524.0,65.7,74.4
566,23,6.37,90.3,6.18,11.03,1496.0,75.2,77.3
567,23,5.59,79.8,6.3,9.11,1505.0,60.4,74.0
568,23,5.28,87.2,6.36,9.72,1512.0,78.5,66.9
569,23,5.47,90.7,6.56,14.17,1460.0,57.5,55.4
570,23,5.17,82.3,6.71,6.98,1475.0,59.2,55.9
571,23,5.8,90.4,6.66,11.68,1500.0,74.6,56.1
572,23,5.38,87.5,6.85,18.94,1509.0,71.1,47.0
573,23,6.1,78.8,7.19,13.79,1433.0,60.3,41.9
574,23,5.41,80.0,7.43,15.88,1500.0,67.3,27.3
575,23,7.18,83.1,7.82,13.91,1503.0,65.7,24.4
576,24,1.9,60.2,8.22,0.94,1458.0,91.0,364.4
577,24,2.98,53.2,8.34,1.33,1477.0,90.6,357.8
578,24,2.64,58.2,7.53,1.69,1458.0,74.7,337.4
579,24,3.04,50.4,7.08,2.05,1473.0,93.1,316.9
580,24,3.31,57.8,6.73,1.4,1482.0,81.8,311.4
581,24,3.24,60.9,6.6,3.37,1453.0,78.0,294.7
582,24,2.59,70.0,6.44,2.56,1389.0,90.1,288.4
583,24,3.3,58.3,6.12,1.87,1437.0,82.3,278.0
584,24,3.01,60.5,5.53,3.06,1439.0,70.4,253.0
585,24,3.42,57.1,5.44,2.27,1457.0,87.8,238.0
586,24,3.51,68.7,5.4,6.93,1432.0,70.4,243.9
587,24,3.35,62.7,5.38,4.52,1508.0,64.9,232.5
588,24,3.24,69.4,5.08,3.26,1402.0,84.6,225.9
589,24,3.95,57.5,5.1,4.0,1485.0,72.8,222.2
590,24,4.83,56.5,4.9,4.04,1407.0,70.9,189.8
591,24,4.56,75.5,5.3,9.5,1437.0,65.6,156.7
592,24,5.21,71.9,5.38,4.77,1460.0,55.5,129.8
593,24,6.27,82.2,5.79,10.51,1514.0,66.5,83.3
594,24,5.11,65.9,6.38,16.35,1482.0,54.5,63.7
595,24,5.56,72.3,6.74,6.44,1470.0,64.1,58.5
596,24,5.37,67.1,6.45,12.05,1443.0,66.5,61.5
597,24,5.67,71.7,6.61,16.95,1482.0,65.1,48.3
598,24,5.69,64.2,6.51,13.01,1466.0,78.8,55.9
599,24,5.77,75.7,7.39,17.78,1477.0,62.5,27.7
600,24,5.0,77.8,7.77,12.97,1447.0,56.5,19.9
601,25,2.79,57.0,6.76,1.92,1432.0,85.4,314.7
602,25,3.38,59.4,6.14,2.11,1441.0,76.8,297.1
603,25,2.71,57.8,6.12,2.49,1458.0,81.3,279.9
604,25,3.41,64.9,6.05,1.77,1413.0,92.1,280.5
605,25,3.2,64.0,5.72,1.41,1448.0,75.4,274.1
606,25,3.35,68.8,5.55,1.74,1383.0,76.2,263.2
607,25,2.33,59.9,5.7,1.65,1471.0,80.3,263.2
608,25,3.46,65.1,5.29,2.91,1475.0,88.9,246.1
609,25,3.68,71.6,5.27,3.05,1484.0,78.3,241.4
610,25,4.34,60.7,5.55,2.83,1441.0,77.9,242.8
611,25,3.6,80.0,5.27,3.07,1400.0,75.5,198.4
612,25,3.88,62.1,5.2,3.95,1462.0,77.4,199.2
613,25,3.51,71.6,4.99,4.8,1433.0,95.0,193.1
614,25,4.12,75.1,5.15,5.98,1380.0,77.2,178.8
615,25,4.6,58.5,4.99,3.97,1502.0,70.1,150.2
616,25,3.77,70.6,5.33,2.57,1476.0,50.4,143.0
617,25,4.88,76.1,5.18,4.59,1513.0,46.6,140.3
618,25,4.5,67.7,5.91,7.66,1471.0,78.5,110.4
619,25,5.18,72.9,5.7,5.5,1436.0,67.0,109.7
620,25,5.01,75.7,5.73,5.74,1458.0,63.4,106.9
621,25,5.01,75.6,5.91,9.51,1435.0,44.1,91.8
622,25,4.88,79.1,6.28,5.84,1416.0,61.6,80.6
623,25,5.26,87.3,6.38,6.55,1415.0,72.8,62.1
624,25,5.72,74.7,6.57,10.46,1395.0,58.3,54.6
625,25,5.37,79.8,6.51,13.75,1423.0,74.2,54.4
626,26,3.7,65.5,6.3,1.07,1514.0,74.8,287.0
627,26,2.88,66.0,6.08,2.67,1476.0,88.5,285.9
628,26,3.35,66.3,6.15,1.83,1451.0,81.4,283.0
629,26,4.17,76.6,6.25,2.81,1473.0,92.5,285.9
630,26,3.51,56.3,6.05,2.18,1466.0,71.6,266.9
631,26,3.11,71.4,5.51,2.27,1466.0,81.7,265.5
632,26,4.36,66.4,5.39,3.19,1452.0,69.5,250.3
633,26,3.44,68.8,5.59,2.19,1473.0,71.5,238.4
634,26,2.79,81.1,5.42,2.87,1513.0,67.9,192.1
635,26,3.38,73.4,5.17,3.08,1484.0,64.2,194.9
636,26,4.43,68.8,5.13,3.78,1544.0,91.2,195.1
637,26,4.56,84.0,5.06,3.39,1507.0,60.8,179.4
638,26,4.33,68.1,5.26,3.33,1543.0,68.4,171.6
639,26,4.37,79.8,5.25,6.01,1503.0,86.9,140.1
640,26,4.95,74.5,5.04,4.54,1424.0,56.3,150.0
641,26,5.39,78.7,5.44,4.02,1449.0,71.1,137.8
642,26,4.59,66.4,5.28,6.56,1549.0,73.9,122.5
643,26,4.93,74.1,5.68,7.54,1433.0,71.9,105.4
644,26,5.84,79.8,5.85,8.12,1385.0,64.1,91.8
645,26,5.54,77.6,5.99,9.88,1496.0,55.9,76.4
646,26,4.94,92.0,6.36,9.83,1554.0,84.8,66.6
647,26,5.8,81.4,6.22,6.18,1511.0,44.9,69.6
648,26,6.36,77.5,6.68,9.93,1514.0,54.5,58.2
649,26,5.64,74.1,6.96,10.44,1443.0,65.2,48.7
650,26,5.65,76.6,6.89,7.7,1429.0,74.2,47.6
651,27,2.38,53.5,6.84,1.73,1506.0,79.6,308.8
652,27,2.5,71.7,6.44,1.07,1472.0,78.2,294.2
653,27,2.43,67.4,5.67,2.86,1578.0,75.1,273.6
654,27,2.5,74.4,5.7,2.31,1554.0,48.8,266.6
655,27,2.91,80.6,5.7,2.79,1531.0,77.0,257.8
656,27,2.69,68.6,5.71,3.15,1570.0,71.0,261.0
657,27,1.87,72.8,5.53,3.35,1510.0,73.1,237.2
658,27,2.7,67.8,5.28,3.1,1547.0,77.2,233.5
659,27,2.9,82.9,5.49,4.07,1500.0,68.0,224.3
660,27,3.34,70.0,5.08,4.44,1524.0,70.6,206.6
661,27,3.46,84.6,4.95,4.03,1458.0,70.3,206.2
662,27,4.15,72.8,5.16,3.3,1495.0,69.6,187.3
663,27,4.0,84.3,5.02,3.29,1519.0,60.1,184.1
664,27,4.3,79.5,5.12,5.45,1551.0,58.2,156.2
665,27,3.57,80.9,5.64,7.76,1459.0,63.8,123.3
666,27,4.6,90.9,5.58,8.29,1467.0,77.1,114.1
667,27,4.33,81.5,5.81,5.71,1429.0,83.5,98.7
668,27,4.86,71.8,5.76,12.3,1577.0,71.4,102.2
669,27,4.81,85.3,5.62,11.09,1506.0,59.4,93.7
670,27,4.62,85.8,5.87,9.86,1527.0,76.0,86.3
671,27,4.37,89.3,5.91,8.52,1554.0,62.2,83.5
672,27,5.8,86.2,6.68,10.31,1460.0,38.7,58.1
673,27,5.25,71.2,7.1,19.78,1515.0,60.4,36.0
674,27,4.92,90.3,7.38,9.76,1524.0,30.0,28.8
675,27,5.46,85.0,7.77,14.7,1527.0,75.1,15.1
676,28,2.89,82.1,5.09,3.78,1451.0,85.5,210.0
677,28,4.83,75.6,5.38,5.1,1437.0,81.7,204.4
678,28,3.88,72.1,5.35,3.42,1425.0,78.4,194.2
679,28,4.95,88.5,5.29,4.29,1523.0,77.5,188.1
680,28,3.86,64.6,5.34,3.32,1480.0,76.3,189.1
681,28,4.45,77.6,5.08,6.84,1401.0,72.6,153.9
682,28,4.59,79.5,5.27,4.53,1427.0,59.2,151.4
683,28,4.38,79.3,5.44,4.49,1446.0,76.7,138.2
684,28,4.45,77.0,5.49,10.21,1464.0,72.2,136.8
685,28,5.59,86.0,5.4,12.86,1501.0,73.6,107.5
686,28,5.3,84.7,5.55,10.24,1503.0,65.8,101.6
687,28,5.18,84.7,6.11,7.68,1401.0,77.5,86.4
688,28,5.24,89.1,5.75,6.69,1450.0,66.5,90.7
689,28,5.21,82.8,5.88,8.87,1420.0,60.7,83.1
690,28,5.95,79.4,5.92,9.41,1408.0,57.9,83.4
691,28,5.77,89.4,6.31,9.47,1431.0,76.1,76.1
692,28,5.75,85.4,6.85,7.62,1407.0,46.3,48.6
693,28,5.63,80.4,6.81,13.65,1447.0,62.8,45.3
694,28,5.6,79.8,7.13,9.27,1418.0,57.2,35.5
695,28,6.56,94.5,7.41,22.06,1479.0,62.8,31.4
696,28,5.7,84.7,7.01,13.15,1448.0,49.7,35.0
697,28,4.98,86.9,7.2,11.49,1465.0,66.4,31.3
698,28,6.06,83.1,7.16,13.98,1434.0,66.2,24.8
699,28,5.95,77.6,7.75,20.09,1412.0,69.2,18.1
700,28,6.91,84.5,7.88,6.59,1409.0,56.2,13.0
701,29,2.5,55.8,5.99,2.54,1483.0,90.2,290.1
702,29,2.64,70.3,6.12,1.5,1487.0,93.2,284.5
703,29,2.99,69.5,5.84,2.52,1505.0,71.7,288.4
704,29,2.44,71.0,6.08,2.57,1469.0,90.4,284.9
705,29,2.06,53.6,6.21,1.44,1387.0,78.8,283.6
706,29,2.85,65.2,5.46,1.59,1426.0,73.6,260.2
707,29,3.61,73.5,5.41,3.66,1494.0,80.3,254.8
708,29,3.16,60.2,5.64,1.19,1475.0,68.5,250.4
709,29,2.89,69.4,5.34,3.44,1500.0,72.2,243.1
710,29,3.94,57.2,5.41,3.54,1472.0,82.9,241.8
711,29,4.18,68.6,5.3,2.86,1428.0,75.7,215.3
712,29,4.73,67.3,5.45,3.51,1478.0,72.7,214.6
713,29,3.58,62.8,5.06,3.95,1513.0,66.4,202.8
714,29,3.48,75.9,5.2,3.05,1497.0,79.5,187.7
715,29,3.61,66.1,5.44,3.71,1441.0,62.2,164.1
716,29,4.57,77.5,5.49,6.02,1471.0,65.2,121.1
717,29,4.65,75.8,5.68,5.6,1408.0,50.8,102.3
718,29,5.14,72.0,5.92,11.69,1445.0,69.0,81.0
719,29,5.05,76.9,6.59,8.53,1448.0,73.1,62.4
720,29,4.82,83.1,6.49,6.92,1459.0,76.2,59.5
721,29,5.63,92.1,6.6,10.7,1493.0,56.9,62.4
722,29,6.0,77.8,6.76,9.61,1487.0,57.2,59.4
723,29,5.79,87.7,6.81,10.07,1493.0,72.6,44.5
724,29,6.04,85.8,7.66,25.93,1516.0,63.4,18.8
725,29,5.8,86.5,7.76,14.58,1483.0,43.4,15.8
726,30,3.36,62.6,6.28,1.67,1605.0,75.8,286.1
727,30,3.95,61.1,6.04,1.9,1496.0,69.9,276.8
728,30,4.44,58.9,5.6,1.51,1549.0,73.7,264.4
729,30,4.64,59.8,5.67,2.95,1525.0,74.9,257.9
730,30,3.62,64.5,5.53,1.79,1547.0,85.9,246.0
731,30,4.21,70.1,5.26,1.94,1478.0,84.0,220.5
732,30,4.29,62.8,5.04,3.02,1564.0,67.4,208.3
733,30,4.58,68.8,5.01,3.27,1580.0,67.1,198.3
734,30,4.87,64.2,5.2,5.17,1597.0,87.2,182.6
735,30,4.47,64.5,4.78,4.61,1573.0,65.1,169.2
736,30,4.28,72.8,5.23,8.49,1644.0,79.7,157.7
737,30,5.11,81.6,5.11,8.5,1567.0,67.8,158.1
738,30,5.35,68.9,5.16,4.41,1593.0,55.9,153.7
739,30,5.73,63.9,4.93,3.61,1551.0,65.0,154.4
740,30,5.67,66.5,5.17,3.62,1573.0,81.6,146.5
741,30,5.67,70.2,5.28,5.3,1564.0,70.1,129.0
742,30,5.31,65.7,5.57,4.28,1591.0,69.6,127.2
743,30,5.25,79.8,5.68,4.1,1541.0,57.1,127.6
744,30,5.65,78.4,5.41,13.23,1594.0,64.9,123.6
745,30,5.37,69.3,5.99,5.73,1502.0,58.9,105.1
746,30,6.26,77.4,5.84,7.21,1604.0,57.5,100.6
747,30,6.69,71.8,5.95,7.31,1544.0,64.5,86.3
748,30,7.26,75.5,6.97,12.81,1517.0,59.6,46.5
749,30,6.75,84.0,7.4,13.36,1486.0,52.5,27.1
750,30,6.52,87.5,7.9,10.04,1525.0,44.3,14.2
751,31,3.47,69.2,6.02,2.31,1665.0,73.0,265.9
752,31,2.41,72.6,5.72,2.84,1552.0,85.1,264.9
753,31,3.92,66.6,5.7,2.97,1416.0,64.0,262.2
754,31,3.53,72.5,5.94,2.1,1557.0,79.8,262.2
755,31,4.07,68.3,5.55,2.91,1530.0,83.4,255.7
756,31,3.95,80.7,5.11,2.58,1595.0,77.8,227.6
757,31,4.41,67.4,5.27,2.74,1515.0,73.6,232.1
758,31,3.54,73.6,5.32,2.41,1589.0,74.7,227.0
759,31,3.58,72.1,5.32,3.37,1528.0,79.7,221.0
760,31,3.72,84.7,5.38,4.96,1590.0,69.4,220.9
761,31,4.17,77.5,5.27,2.87,1559.0,69.3,201.4
762,31,4.93,81.2,5.21,4.23,1605.0,73.6,151.0
763,31,4.03,67.0,5.55,16.22,1556.0,66.1,127.0
764,31,4.54,82.3,5.09,6.6,1580.0,45.2,126.2
765,31,5.7,78.9,5.42,10.04,1558.0,68.6,122.6
766,31,5.71,70.8,5.42,6.97,1576.0,81.3,111.8
767,31,5.26,88.0,5.76,5.84,1538.0,42.8,95.8
768,31,5.23,75.6,6.04,6.05,1543.0,52.6,91.8
769,31,5.87,84.6,6.09,12.9,1520.0,61.0,72.5
770,31,5.73,78.6,6.72,11.38,1570.0,54.6,55.8
771,31,4.84,82.9,6.69,9.26,1585.0,80.7,47.6
772,31,5.84,86.3,7.07,11.17,1577.0,66.4,39.6
773,31,6.4,81.4,7.08,12.33,1540.0,70.9,32.1
774,31,6.61,82.6,7.23,18.08,1555.0,68.3,34.8
775,31,6.72,85.2,8.07,16.0,1559.0,53.0,14.1
776,32,5.16,66.2,5.19,2.87,1289.0,46.7,173.4
777,32,3.73,66.5,4.99,5.86,1320.0,61.7,177.0
778,32,4.57,76.3,5.18,1.98,1316.0,76.9,147.9
779,32,4.91,81.9,5.22,5.17,1428.0,77.3,153.1
780,32,3.98,78.2,5.35,4.32,1285.0,60.0,135.3
781,32,4.74,72.7,5.37,3.39,1293.0,67.7,130.7
782,32,4.61,77.1,5.24,4.56,1328.0,55.4,127.8
783,32,4.79,82.2,5.7,4.41,1406.0,61.5,110.5
784,32,4.8,76.6,5.22,4.93,1360.0,51.8,119.7
785,32,5.43,84.4,5.53,5.99,1372.0,61.9,110.4
786,32,4.98,85.1,5.73,7.77,1395.0,68.3,101.1
787,32,5.17,78.7,5.96,6.94,1412.0,61.6,92.1
788,32,5.89,87.6,5.86,3.79,1313.0,67.4,84.6
789,32,6.04,83.0,6.06,5.56,1339.0,49.3,85.6
790,32,5.31,87.5,6.78,5.37,1322.0,71.7,59.4
791,32,6.55,72.4,6.51,5.77,1346.0,69.4,55.4
792,32,6.23,76.3,6.9,12.39,1300.0,58.0,47.8
793,32,5.58,86.6,6.62,10.14,1392.0,46.6,54.1
794,32,6.3,77.2,6.94,8.31,1350.0,64.0,50.5
795,32,5.96,91.2,6.79,7.19,1350.0,56.4,39.6
796,32,4.86,92.2,6.99,6.25,1383.0,61.7,37.8
797,32,6.89,87.4,7.13,9.62,1396.0,69.5,29.1
798,32,6.21,85.1,7.23,8.73,1316.0,64.1,23.7
799,32,6.1,91.3,8.1,16.85,1327.0,44.0,10.1
800,32,5.7,89.6,8.2,9.75,1388.0,50.4,3.1
801,33,3.27,66.1,6.05,3.98,1439.0,80.9,276.4
802,33,4.06,58.3,6.02,0.94,1430.0,70.5,271.2
803,33,2.57,78.7,5.78,1.48,1391.0,74.1,277.9
804,33,3.69,78.3,5.84,2.67,1407.0,87.7,264.0
805,33,4.61,58.5,5.55,2.71,1427.0,87.9,257.0
806,33,4.21,63.6,5.27,3.82,1451.0,84.1,239.7
807,33,4.01,74.6,5.03,2.16,1390.0,71.3,220.2
808,33,3.8,67.3,5.03,5.29,1412.0,57.2,207.3
809,33,5.01,81.0,4.84,1.34,1458.0,85.3,192.9
810,33,4.03,73.6,5.01,3.64,1423.0,80.6,176.3
811,33,3.91,71.6,4.96,4.21,1457.0,64.1,180.2
812,33,4.99,84.9,5.19,3.45,1420.0,85.7,172.3
813,33,4.95,77.2,5.48,3.75,1391.0,62.4,156.9
814,33,5.12,68.9,4.98,3.88,1428.0,61.7,155.2
815,33,4.43,84.3,5.33,7.55,1470.0,79.5,147.7
816,33,4.67,78.3,5.16,4.02,1495.0,71.1,137.8
817,33,5.22,92.2,5.37,2.69,1480.0,48.8,121.6
818,33,5.93,80.3,5.52,7.65,1467.0,71.9,111.0
819,33,5.77,74.3,5.9,8.82,1421.0,71.6,88.6
820,33,6.86,86.6,6.32,13.8,1377.0,69.9,71.4
821,33,5.9,79.4,6.05,8.74,1416.0,72.2,71.7
822,33,5.09,85.2,6.49,5.92,1420.0,58.5,68.5
823,33,5.67,84.2,6.49,14.59,1424.0,55.6,52.4
824,33,5.66,91.9,7.42,12.2,1412.0,68.5,28.9
825,33,6.23,72.9,7.27,6.6,1419.0,60.5,24.6
826,34,4.43,83.7,5.24,3.88,1365.0,88.5,179.6
827,34,4.45,80.6,5.11,7.61,1351.0,69.2,174.1
828,34,3.82,79.6,5.12,7.33,1392.0,79.9,152.0
829,34,4.12,82.5,5.51,4.11,1405.0,62.0,152.0
830,34,4.64,73.0,5.18,7.64,1319.0,61.8,146.6
831,34,5.13,84.7,5.13,7.04,1407.0,94.5,145.5
832,34,4.25,88.8,5.29,5.89,1359.0,82.7,139.3
833,34,3.73,88.1,5.41,4.0,1375.0,71.8,133.7
834,34,4.72,87.2,5.47,5.98,1383.0,68.3,124.5
835,34,4.44,79.1,5.66,5.93,1403.0,59.6,115.2
836,34,4.89,89.1,5.67,6.57,1381.0,60.7,110.6
837,34,6.0,82.3,5.63,11.94,1334.0,58.0,94.7
838,34,5.64,82.6,5.69,11.23,1359.0,65.0,98.0
839,34,4.9,88.6,5.78,8.58,1370.0,80.4,95.6
840,34,4.6,76.8,6.0,5.89,1289.0,52.9,91.7
841,34,5.34,82.2,5.9,13.51,1377.0,62.3,79.4
842,34,5.49,77.6,6.27,8.17,1336.0,58.4,70.7
843,34,4.67,89.2,6.37,10.07,1315.0,70.0,68.9
844,34,5.9,89.1,6.3,12.07,1391.0,69.6,59.3
845,34,5.95,90.4,6.85,12.44,1345.0,61.7,46.0
846,34,6.33,87.7,6.99,12.51,1346.0,70.0,41.5
847,34,6.26,105.1,6.91,10.99,1386.0,71.2,41.8
848,34,5.79,96.6,7.44,11.94,1345.0,80.9,24.2
849,34,5.52,95.3,7.18,18.13,1374.0,62.1,30.7
850,34,6.54,80.6,7.73,18.03,1326.0,51.4,10.1
851,35,4.79,85.4,5.29,3.1,1474.0,65.9,226.2
852,35,3.37,85.8,5.32,5.18,1440.0,75.6,225.7
853,35,4.09,73.5,5.04,6.84,1439.0,89.1,211.8
854,35,4.1,77.6,5.11,4.11,1392.0,65.6,181.2
855,35,4.66,74.6,4.96,6.26,1423.0,64.4,177.5
856,35,3.96,85.4,5.28,6.2,1450.0,71.3,174.0
857,35,4.35,75.6,5.54,6.86,1443.0,64.7,178.0
858,35,4.66,74.1,5.04,7.32,1415.0,68.0,170.7
859,35,4.71,75.0,5.39,6.15,1429.0,62.4,160.7
860,35,4.24,83.5,5.09,7.54,1321.0,56.1,142.5
861,35,4.46,80.5,5.26,5.13,1469.0,78.9,133.6
862,35,4.65,89.6,4.8,7.94,1431.0,77.6,139.6
863,35,5.09,77.9,5.72,7.58,1366.0,55.2,94.0
864,35,5.23,85.6,5.88,5.22,1401.0,61.3,96.1
865,35,5.17,83.8,5.94,8.64,1484.0,94.8,79.6
866,35,5.46,87.6,6.27,8.41,1456.0,65.6,75.1
867,35,5.52,96.1,6.56,15.25,1399.0,56.4,59.7
868,35,6.4,75.8,6.77,18.26,1417.0,61.3,51.9
869,35,6.11,77.0,6.66,13.74,1431.0,70.2,54.7
870,35,5.81,82.1,6.84,10.34,1484.0,50.2,43.9
871,35,5.07,86.7,7.09,14.93,1440.0,58.4,40.3
872,35,5.84,95.3,7.42,18.87,1437.0,58.6,29.4
873,35,5.39,91.8,7.12,14.49,1478.0,56.7,28.5
874,35,6.3,83.7,7.59,10.71,1462.0,51.4,22.4
875,35,7.0,82.8,7.65,15.62,1456.0,59.2,10.7
876,36,1.99,62.9,10.57,0.98,1419.0,88.8,412.6
877,36,2.36,51.7,7.85,1.09,1406.0,80.7,353.9
878,36,2.7,58.9,7.23,2.07,1457.0,85.1,329.3
879,36,2.65,65.4,6.89,2.36,1461.0,77.5,313.4
880,36,2.24,49.3,6.71,1.54,1452.0,76.8,311.1
881,36,3.71,56.6,6.8,1.49,1457.0,87.6,307.0
882,36,3.32,53.5,6.45,1.72,1517.0,68.3,300.2
883,36,2.62,63.3,6.25,2.56,1429.0,84.9,294.4
884,36,2.98,63.2,6.25,1.5,1467.0,61.0,286.3
885,36,3.27,63.6,6.04,2.39,1489.0,76.2,279.4
886,36,2.02,64.3,6.05,1.78,1468.0,84.5,279.6
887,36,3.74,63.0,5.91,2.42,1419.0,63.8,261.4
888,36,3.13,61.6,5.37,2.16,1470.0,83.6,250.4
889,36,3.22,69.0,5.57,2.21,1498.0,90.6,246.7
890,36,3.73,52.7,5.41,3.65,1400.0,60.1,239.0
891,36,2.99,68.5,5.55,3.37,1425.0,69.2,227.0
892,36,3.75,62.0,5.33,3.43,1435.0,83.2,222.8
893,36,3.81,53.6,4.98,3.41,1467.0,72.4,178.1
894,36,4.87,70.4,5.43,6.2,1513.0,76.9,124.1
895,36,5.23,70.2,5.98,7.3,1405.0,57.9,88.8
896,36,5.57,73.7,6.54,6.14,1451.0,64.7,61.8
897,36,5.65,81.2,6.88,16.48,1423.0,67.9,42.5
898,36,5.1,78.8,7.09,12.2,1533.0,75.1,36.4
899,36,6.55,72.9,7.05,16.96,1465.0,62.5,33.2
900,36,6.1,84.1,7.82,14.0,1429.0,54.1,14.7
901,37,2.19,58.3,9.07,1.52,1505.0,90.6,383.8
902,37,2.39,44.0,8.66,1.22,1487.0,79.8,375.3
903,37,1.83,44.5,8.67,1.29,1474.0,103.0,370.8
904,37,2.98,45.6,7.5,2.09,1500.0,76.5,334.5
905,37,2.83,52.0,7.31,1.97,1467.0,92.4,331.6
906,37,2.86,56.0,6.31,2.95,1514.0,96.0,286.6
907,37,3.45,57.6,5.88,2.73,1440.0,71.2,275.7
908,37,3.55,60.1,5.89,2.29,1472.0,72.1,273.5
909,37,3.2,64.3,5.9,1.77,1438.0,89.4,262.3
910,37,4.05,60.9,5.62,4.26,1476.0,78.9,259.7
911,37,3.61,64.3,5.81,4.86,1480.0,79.6,255.0
912,37,3.22,63.7,6.0,2.23,1472.0,68.2,262.1
913,37,3.79,70.5,5.21,7.62,1470.0,74.3,189.9
914,37,4.45,64.3,5.14,4.2,1446.0,65.2,177.9
915,37,5.31,59.5,5.06,3.86,1553.0,64.9,166.1
916,37,3.96,75.5,5.31,5.98,1416.0,65.3,158.8
917,37,4.78,61.6,5.27,6.73,1517.0,72.2,153.3
918,37,4.57,62.0,5.07,5.67,1531.0,71.0,147.6
919,37,4.62,62.8,5.25,5.01,1519.0,75.5,129.2
920,37,4.46,70.2,5.93,8.51,1540.0,60.6,95.0
921,37,5.8,76.9,5.93,11.51,1465.0,73.2,87.7
922,37,5.76,82.1,6.61,14.78,1527.0,80.5,69.0
923,37,5.16,73.0,6.72,11.69,1477.0,66.6,52.2
924,37,5.64,67.1,7.18,17.79,1495.0,65.0,31.7
925,37,7.1,81.4,7.82,14.39,1477.0,56.3,20.3
926,38,3.75,67.8,5.24,4.74,1579.0,84.0,198.0
927,38,4.2,66.9,5.13,4.19,1540.0,80.4,196.9
928,38,4.77,81.8,5.13,7.53,1502.0,80.3,183.7
929,38,4.04,61.8,5.07,5.4,1538.0,54.8,184.1
930,38,3.83,77.1,5.08,4.33,1446.0,50.1,180.8
931,38,4.23,75.4,5.08,7.05,1522.0,61.6,171.5
932,38,4.47,65.7,5.3,5.65,1495.0,71.4,169.7
933,38,3.82,85.3,5.04,4.72,1546.0,63.6,162.6
934,38,4.77,74.5,5.14,6.57,1459.0,70.1,166.6
935,38,4.01,72.6,4.97,5.67,1556.0,77.4,163.2
936,38,4.11,80.3,5.49,6.98,1497.0,65.6,151.4
937,38,4.21,77.2,5.21,11.23,1470.0,71.6,156.2
938,38,5.18,72.3,4.89,4.0,1506.0,56.2,157.8
939,38,5.61,77.0,5.19,9.32,1520.0,63.6,118.7
940,38,5.36,80.5,5.46,6.71,1506.0,40.6,109.9
941,38,5.54,75.6,6.02,12.42,1507.0,66.2,99.3
942,38,5.3,72.2,5.96,10.71,1503.0,62.0,87.8
943,38,5.25,76.6,5.85,12.76,1480.0,47.7,88.1
944,38,5.61,84.9,6.11,12.46,1454.0,71.8,87.4
945,38,5.18,87.3,6.36,9.31,1563.0,61.3,72.5
946,38,5.41,78.9,6.23,13.82,1492.0,68.5,69.7
947,38,4.98,72.0,6.46,10.53,1512.0,53.5,63.3
948,38,4.95,84.2,6.5,11.95,1537.0,55.0,54.5
949,38,5.45,83.3,7.11,13.3,1547.0,41.8,29.4
950,38,5.9,88.8,7.31,17.88,1536.0,46.4,24.8
951,39,1.56,54.2,10.77,0.54,1429.0,89.7,416.3
952,39,2.18,62.9,10.61,0.58,1434.0,108.7,420.9
953,39,0.86,55.6,10.39,1.1,1466.0,83.8,408.6
954,39,1.6,67.8,9.66,1.19,1501.0,104.3,403.4
955,39,1.15,61.2,9.41,1.01,1403.0,104.0,396.4
956,39,1.84,61.0,9.77,1.33,1500.0,116.6,394.4
957,39,2.29,53.1,8.14,1.03,1451.0,86.7,357.8
958,39,2.15,66.2,7.12,1.26,1457.0,83.0,326.0
959,39,2.63,59.6,7.25,2.35,1431.0,87.5,318.4
960,39,2.93,75.2,5.98,3.77,1422.0,68.0,270.3
961,39,3.57,68.5,5.31,6.24,1452.0,97.0,226.3
962,39,4.07,68.0,5.31,2.31,1499.0,84.0,213.1
963,39,3.73,78.5,4.98,4.87,1429.0,73.7,203.4
964,39,4.53,66.4,5.02,4.79,1417.0,70.7,179.2
965,39,5.58,89.9,5.15,12.86,1410.0,68.7,165.8
966,39,5.71,73.6,5.18,4.27,1390.0,83.8,138.2
967,39,4.93,80.7,5.37,7.07,1430.0,56.8,136.6
968,39,5.24,79.4,5.12,7.55,1379.0,79.4,128.0
969,39,4.47,88.1,5.64,10.96,1398.0,66.4,129.1
970,39,4.86,82.6,5.3,5.23,1476.0,68.1,122.4
971,39,5.3,70.8,5.45,10.45,1466.0,56.8,107.5
972,39,5.4,85.1,6.5,13.2,1402.0,88.5,61.3
973,39,5.47,86.5,6.79,9.77,1482.0,72.3,52.4
974,39,5.78,78.2,6.82,16.17,1449.0,57.0,42.0
975,39,5.57,73.1,6.95,23.41,1465.0,55.4,40.9
976,40,4.8,79.7,5.13,3.61,1487.0,66.8,146.6
977,40,4.78,75.3,4.97,7.19,1376.0,56.1,146.9
978,40,4.44,78.2,5.28,4.94,1382.0,71.2,132.7
979,40,5.03,74.2,5.4,6.98,1406.0,42.4,124.1
980,40,4.64,82.5,5.45,6.67,1423.0,60.2,121.7
981,40,4.72,67.4,5.33,4.54,1461.0,46.6,122.7
982,40,4.46,74.4,5.65,7.17,1432.0,68.6,108.6
983,40,6.27,75.4,5.53,9.87,1307.0,55.6,110.2
984,40,5.2,77.3,5.94,7.61,1375.0,61.2,101.3
985,40,4.83,76.8,5.69,5.25,1381.0,59.8,100.7
986,40,5.41,75.9,5.86,10.76,1371.0,58.0,94.5
987,40,4.84,82.0,5.77,7.59,1385.0,45.7,100.3
988,40,5.8,81.2,5.91,8.31,1390.0,53.1,84.7
989,40,4.82,69.4,6.21,6.53,1379.0,64.1,76.9
990,40,5.42,81.6,6.45,9.49,1370.0,61.1,72.0
991,40,5.49,79.1,6.5,7.74,1377.0,55.7,71.0
992,40,5.6,70.3,6.29,10.55,1376.0,48.9,65.1
993,40,5.02,80.7,6.31,9.56,1334.0,45.7,64.4
994,40,6.23,90.4,6.61,9.08,1375.0,48.3,54.9
995,40,6.23,88.8,6.91,9.94,1437.0,60.8,44.5
996,40,5.47,90.0,6.72,13.88,1393.0,52.0,44.2
997,40,6.69,81.9,6.66,13.93,1346.0,58.4,44.2
998,40,6.36,84.9,7.29,10.34,1381.0,49.0,31.2
999,40,6.19,82.5,7.9,13.92,1484.0,44.4,10.1
1000,40,5.86,85.7,7.84,21.94,1367.0,65.6,13.4
